X,Y,ASCII,Foreground,Background
0,0,32,#000000,#000000
1,0,32,#000000,#000000
2,0,32,#000000,#000000
3,0,32,#000000,#000000
4,0,32,#000000,#000000
5,0,32,#000000,#000000
6,0,32,#000000,#000000
7,0,32,#000000,#000000
8,0,32,#000000,#000000
9,0,32,#000000,#000000
10,0,32,#000000,#000000
11,0,32,#000000,#000000
12,0,32,#000000,#000000
13,0,32,#000000,#000000
14,0,32,#000000,#000000
15,0,32,#000000,#000000
16,0,32,#000000,#000000
17,0,32,#000000,#000000
18,0,32,#000000,#000000
19,0,32,#000000,#000000
20,0,32,#000000,#000000
21,0,32,#000000,#000000
22,0,32,#000000,#000000
23,0,32,#000000,#000000
24,0,32,#000000,#000000
25,0,32,#000000,#000000
26,0,32,#000000,#000000
27,0,32,#000000,#000000
28,0,32,#000000,#000000
29,0,32,#000000,#000000
30,0,32,#000000,#000000
31,0,32,#000000,#000000
32,0,32,#000000,#000000
33,0,32,#000000,#000000
34,0,32,#000000,#000000
35,0,32,#000000,#000000
36,0,32,#000000,#000000
37,0,32,#000000,#000000
38,0,32,#000000,#000000
39,0,32,#000000,#000000
40,0,32,#000000,#000000
41,0,32,#000000,#000000
42,0,32,#000000,#000000
43,0,32,#000000,#000000
44,0,32,#000000,#000000
45,0,32,#000000,#000000
46,0,32,#000000,#000000
47,0,32,#000000,#000000
48,0,32,#000000,#000000
49,0,32,#000000,#000000
50,0,32,#000000,#000000
51,0,32,#000000,#000000
52,0,32,#000000,#000000
53,0,32,#000000,#000000
54,0,32,#000000,#000000
55,0,32,#000000,#000000
56,0,32,#000000,#000000
57,0,32,#000000,#000000
58,0,32,#000000,#000000
59,0,32,#000000,#000000
60,0,32,#000000,#000000
61,0,32,#000000,#000000
0,1,32,#000000,#000000
1,1,32,#000000,#000000
2,1,32,#000000,#000000
3,1,32,#000000,#000000
4,1,32,#000000,#000000
5,1,32,#000000,#000000
6,1,32,#000000,#000000
7,1,32,#000000,#000000
8,1,32,#000000,#000000
9,1,32,#000000,#000000
10,1,32,#000000,#000000
11,1,32,#000000,#000000
12,1,32,#000000,#000000
13,1,32,#000000,#000000
14,1,32,#000000,#000000
15,1,32,#000000,#000000
16,1,32,#000000,#000000
17,1,32,#000000,#000000
18,1,32,#000000,#000000
19,1,32,#000000,#000000
20,1,32,#000000,#000000
21,1,32,#000000,#000000
22,1,32,#000000,#000000
23,1,32,#000000,#000000
24,1,32,#000000,#000000
25,1,32,#000000,#000000
26,1,32,#000000,#000000
27,1,32,#000000,#000000
28,1,32,#000000,#000000
29,1,32,#000000,#000000
30,1,32,#000000,#000000
31,1,32,#000000,#000000
32,1,32,#000000,#000000
33,1,32,#000000,#000000
34,1,32,#000000,#000000
35,1,32,#000000,#000000
36,1,32,#000000,#000000
37,1,32,#000000,#000000
38,1,32,#000000,#000000
39,1,32,#000000,#000000
40,1,32,#000000,#000000
41,1,32,#000000,#000000
42,1,32,#000000,#000000
43,1,32,#000000,#000000
44,1,32,#000000,#000000
45,1,32,#000000,#000000
46,1,32,#000000,#000000
47,1,32,#000000,#000000
48,1,32,#000000,#000000
49,1,32,#000000,#000000
50,1,32,#000000,#000000
51,1,32,#000000,#000000
52,1,32,#000000,#000000
53,1,32,#000000,#000000
54,1,32,#000000,#000000
55,1,32,#000000,#000000
56,1,32,#000000,#000000
57,1,32,#000000,#000000
58,1,32,#000000,#000000
59,1,32,#000000,#000000
60,1,32,#000000,#000000
61,1,32,#000000,#000000
0,2,32,#000000,#000000
1,2,32,#000000,#000000
2,2,32,#000000,#000000
3,2,32,#000000,#000000
4,2,32,#000000,#000000
5,2,32,#000000,#000000
6,2,32,#000000,#000000
7,2,32,#000000,#000000
8,2,32,#000000,#000000
9,2,32,#000000,#000000
10,2,32,#000000,#000000
11,2,32,#000000,#000000
12,2,32,#000000,#000000
13,2,32,#000000,#000000
14,2,32,#000000,#000000
15,2,32,#000000,#000000
16,2,32,#000000,#000000
17,2,32,#000000,#000000
18,2,32,#000000,#000000
19,2,32,#000000,#000000
20,2,32,#000000,#000000
21,2,32,#000000,#000000
22,2,32,#000000,#000000
23,2,32,#000000,#000000
24,2,32,#000000,#000000
25,2,32,#000000,#000000
26,2,32,#000000,#000000
27,2,32,#000000,#000000
28,2,32,#000000,#000000
29,2,32,#000000,#000000
30,2,32,#000000,#000000
31,2,32,#000000,#000000
32,2,32,#000000,#000000
33,2,32,#000000,#000000
34,2,32,#000000,#000000
35,2,32,#000000,#000000
36,2,32,#000000,#000000
37,2,32,#000000,#000000
38,2,32,#000000,#000000
39,2,32,#000000,#000000
40,2,32,#000000,#000000
41,2,32,#000000,#000000
42,2,32,#000000,#000000
43,2,32,#000000,#000000
44,2,32,#000000,#000000
45,2,32,#000000,#000000
46,2,32,#000000,#000000
47,2,32,#000000,#000000
48,2,32,#000000,#000000
49,2,32,#000000,#000000
50,2,32,#000000,#000000
51,2,32,#000000,#000000
52,2,32,#000000,#000000
53,2,32,#000000,#000000
54,2,32,#000000,#000000
55,2,32,#000000,#000000
56,2,32,#000000,#000000
57,2,32,#000000,#000000
58,2,32,#000000,#000000
59,2,32,#000000,#000000
60,2,32,#000000,#000000
61,2,32,#000000,#000000
0,3,32,#000000,#000000
1,3,32,#000000,#000000
2,3,32,#000000,#000000
3,3,32,#000000,#000000
4,3,32,#000000,#000000
5,3,32,#000000,#000000
6,3,32,#000000,#000000
7,3,32,#000000,#000000
8,3,32,#000000,#000000
9,3,32,#000000,#000000
10,3,32,#000000,#000000
11,3,32,#000000,#000000
12,3,32,#000000,#000000
13,3,32,#000000,#000000
14,3,32,#000000,#000000
15,3,32,#000000,#000000
16,3,32,#000000,#000000
17,3,32,#000000,#000000
18,3,32,#000000,#000000
19,3,32,#000000,#000000
20,3,32,#000000,#000000
21,3,32,#000000,#000000
22,3,32,#000000,#000000
23,3,32,#000000,#000000
24,3,32,#000000,#000000
25,3,32,#000000,#000000
26,3,32,#000000,#000000
27,3,32,#000000,#000000
28,3,32,#000000,#000000
29,3,32,#000000,#000000
30,3,32,#000000,#000000
31,3,32,#000000,#000000
32,3,32,#000000,#000000
33,3,32,#000000,#000000
34,3,32,#000000,#000000
35,3,32,#000000,#000000
36,3,32,#000000,#000000
37,3,32,#000000,#000000
38,3,32,#000000,#000000
39,3,32,#000000,#000000
40,3,32,#000000,#000000
41,3,32,#000000,#000000
42,3,32,#000000,#000000
43,3,32,#000000,#000000
44,3,32,#000000,#000000
45,3,32,#000000,#000000
46,3,32,#000000,#000000
47,3,32,#000000,#000000
48,3,32,#000000,#000000
49,3,32,#000000,#000000
50,3,32,#000000,#000000
51,3,32,#000000,#000000
52,3,32,#000000,#000000
53,3,32,#000000,#000000
54,3,32,#000000,#000000
55,3,32,#000000,#000000
56,3,32,#000000,#000000
57,3,32,#000000,#000000
58,3,32,#000000,#000000
59,3,32,#000000,#000000
60,3,32,#000000,#000000
61,3,32,#000000,#000000
0,4,32,#000000,#000000
1,4,32,#000000,#000000
2,4,32,#000000,#000000
3,4,32,#000000,#000000
4,4,32,#000000,#000000
5,4,32,#000000,#000000
6,4,32,#000000,#000000
7,4,32,#000000,#000000
8,4,32,#000000,#000000
9,4,32,#000000,#000000
10,4,32,#000000,#000000
11,4,32,#000000,#000000
12,4,32,#000000,#000000
13,4,32,#000000,#000000
14,4,32,#000000,#000000
15,4,32,#000000,#000000
16,4,32,#000000,#000000
17,4,32,#000000,#000000
18,4,32,#000000,#000000
19,4,32,#000000,#000000
20,4,32,#000000,#000000
21,4,32,#000000,#000000
22,4,32,#000000,#000000
23,4,32,#000000,#000000
24,4,32,#000000,#000000
25,4,32,#000000,#000000
26,4,32,#000000,#000000
27,4,32,#000000,#000000
28,4,32,#000000,#000000
29,4,32,#000000,#000000
30,4,32,#000000,#000000
31,4,32,#000000,#000000
32,4,32,#000000,#000000
33,4,32,#000000,#000000
34,4,32,#000000,#000000
35,4,32,#000000,#000000
36,4,32,#000000,#000000
37,4,32,#000000,#000000
38,4,32,#000000,#000000
39,4,32,#000000,#000000
40,4,32,#000000,#000000
41,4,32,#000000,#000000
42,4,32,#000000,#000000
43,4,32,#000000,#000000
44,4,32,#000000,#000000
45,4,32,#000000,#000000
46,4,32,#000000,#000000
47,4,32,#000000,#000000
48,4,32,#000000,#000000
49,4,32,#000000,#000000
50,4,32,#000000,#000000
51,4,32,#000000,#000000
52,4,32,#000000,#000000
53,4,32,#000000,#000000
54,4,32,#000000,#000000
55,4,32,#000000,#000000
56,4,32,#000000,#000000
57,4,32,#000000,#000000
58,4,32,#000000,#000000
59,4,32,#000000,#000000
60,4,32,#000000,#000000
61,4,32,#000000,#000000
0,5,32,#000000,#000000
1,5,32,#000000,#000000
2,5,32,#000000,#000000
3,5,32,#000000,#000000
4,5,32,#000000,#000000
5,5,32,#000000,#000000
6,5,32,#000000,#000000
7,5,32,#000000,#000000
8,5,32,#000000,#000000
9,5,32,#000000,#000000
10,5,32,#000000,#000000
11,5,32,#000000,#000000
12,5,32,#000000,#000000
13,5,32,#000000,#000000
14,5,32,#000000,#000000
15,5,32,#000000,#000000
16,5,32,#000000,#000000
17,5,32,#000000,#000000
18,5,32,#000000,#000000
19,5,32,#000000,#000000
20,5,32,#000000,#000000
21,5,32,#000000,#000000
22,5,32,#000000,#000000
23,5,32,#000000,#000000
24,5,32,#000000,#000000
25,5,32,#000000,#000000
26,5,32,#000000,#000000
27,5,219,#23008C,#000000
28,5,219,#23008C,#000000
29,5,219,#23008C,#000000
30,5,219,#23008C,#000000
31,5,219,#23008C,#000000
32,5,219,#23008C,#000000
33,5,32,#000000,#000000
34,5,32,#000000,#000000
35,5,32,#000000,#000000
36,5,32,#000000,#000000
37,5,32,#000000,#000000
38,5,32,#000000,#000000
39,5,32,#000000,#000000
40,5,32,#000000,#000000
41,5,32,#000000,#000000
42,5,32,#000000,#000000
43,5,32,#000000,#000000
44,5,32,#000000,#000000
45,5,32,#000000,#000000
46,5,32,#000000,#000000
47,5,32,#000000,#000000
48,5,32,#000000,#000000
49,5,32,#000000,#000000
50,5,32,#000000,#000000
51,5,32,#000000,#000000
52,5,32,#000000,#000000
53,5,32,#000000,#000000
54,5,32,#000000,#000000
55,5,32,#000000,#000000
56,5,32,#000000,#000000
57,5,32,#000000,#000000
58,5,32,#000000,#000000
59,5,32,#000000,#000000
60,5,32,#000000,#000000
61,5,32,#000000,#000000
0,6,32,#000000,#000000
1,6,32,#000000,#000000
2,6,32,#000000,#000000
3,6,32,#000000,#000000
4,6,32,#000000,#000000
5,6,32,#000000,#000000
6,6,219,#23008C,#000000
7,6,219,#23008C,#000000
8,6,219,#23008C,#000000
9,6,219,#23008C,#000000
10,6,32,#000000,#000000
11,6,32,#000000,#000000
12,6,32,#000000,#000000
13,6,32,#000000,#000000
14,6,32,#000000,#000000
15,6,32,#000000,#000000
16,6,32,#000000,#000000
17,6,32,#000000,#000000
18,6,32,#000000,#000000
19,6,32,#000000,#000000
20,6,32,#000000,#000000
21,6,32,#000000,#000000
22,6,32,#000000,#000000
23,6,32,#000000,#000000
24,6,32,#000000,#000000
25,6,32,#000000,#000000
26,6,219,#23008C,#000000
27,6,219,#23008C,#000000
28,6,219,#23008C,#000000
29,6,219,#23008C,#000000
30,6,219,#23008C,#000000
31,6,219,#23008C,#000000
32,6,219,#23008C,#000000
33,6,219,#23008C,#000000
34,6,32,#000000,#000000
35,6,32,#000000,#000000
36,6,32,#000000,#000000
37,6,32,#000000,#000000
38,6,32,#000000,#000000
39,6,32,#000000,#000000
40,6,32,#000000,#000000
41,6,32,#000000,#000000
42,6,32,#000000,#000000
43,6,32,#000000,#000000
44,6,32,#000000,#000000
45,6,32,#000000,#000000
46,6,32,#000000,#000000
47,6,32,#000000,#000000
48,6,32,#000000,#000000
49,6,32,#000000,#000000
50,6,32,#000000,#000000
51,6,32,#000000,#000000
52,6,32,#000000,#000000
53,6,32,#000000,#000000
54,6,32,#000000,#000000
55,6,32,#000000,#000000
56,6,32,#000000,#000000
57,6,32,#000000,#000000
58,6,32,#000000,#000000
59,6,32,#000000,#000000
60,6,32,#000000,#000000
61,6,32,#000000,#000000
0,7,32,#000000,#000000
1,7,32,#000000,#000000
2,7,32,#000000,#000000
3,7,32,#000000,#000000
4,7,32,#000000,#000000
5,7,32,#000000,#000000
6,7,219,#23008C,#000000
7,7,219,#23008C,#000000
8,7,219,#23008C,#000000
9,7,219,#23008C,#000000
10,7,32,#000000,#000000
11,7,32,#000000,#000000
12,7,32,#000000,#000000
13,7,32,#000000,#000000
14,7,32,#000000,#000000
15,7,32,#000000,#000000
16,7,32,#000000,#000000
17,7,32,#000000,#000000
18,7,32,#000000,#000000
19,7,219,#23008C,#000000
20,7,219,#23008C,#000000
21,7,219,#23008C,#000000
22,7,219,#23008C,#000000
23,7,219,#23008C,#000000
24,7,219,#23008C,#000000
25,7,219,#23008C,#000000
26,7,219,#23008C,#000000
27,7,219,#23008C,#000000
28,7,219,#23008C,#000000
29,7,219,#23008C,#000000
30,7,219,#23008C,#000000
31,7,219,#23008C,#000000
32,7,219,#23008C,#000000
33,7,219,#23008C,#000000
34,7,32,#000000,#000000
35,7,32,#000000,#000000
36,7,32,#000000,#000000
37,7,32,#000000,#000000
38,7,32,#000000,#000000
39,7,32,#000000,#000000
40,7,32,#000000,#000000
41,7,32,#000000,#000000
42,7,32,#000000,#000000
43,7,32,#000000,#000000
44,7,32,#000000,#000000
45,7,32,#000000,#000000
46,7,32,#000000,#000000
47,7,32,#000000,#000000
48,7,32,#000000,#000000
49,7,32,#000000,#000000
50,7,32,#000000,#000000
51,7,32,#000000,#000000
52,7,32,#000000,#000000
53,7,32,#000000,#000000
54,7,32,#000000,#000000
55,7,32,#000000,#000000
56,7,32,#000000,#000000
57,7,32,#000000,#000000
58,7,32,#000000,#000000
59,7,32,#000000,#000000
60,7,32,#000000,#000000
61,7,32,#000000,#000000
0,8,32,#000000,#000000
1,8,32,#000000,#000000
2,8,32,#000000,#000000
3,8,32,#000000,#000000
4,8,32,#000000,#000000
5,8,32,#000000,#000000
6,8,219,#23008C,#000000
7,8,219,#23008C,#000000
8,8,219,#23008C,#000000
9,8,219,#23008C,#000000
10,8,32,#000000,#000000
11,8,32,#000000,#000000
12,8,32,#000000,#000000
13,8,32,#000000,#000000
14,8,32,#000000,#000000
15,8,32,#000000,#000000
16,8,32,#000000,#000000
17,8,32,#000000,#000000
18,8,32,#000000,#000000
19,8,219,#23008C,#000000
20,8,32,#000000,#000000
21,8,32,#000000,#000000
22,8,32,#000000,#000000
23,8,32,#000000,#000000
24,8,32,#000000,#000000
25,8,32,#000000,#000000
26,8,219,#23008C,#000000
27,8,219,#23008C,#000000
28,8,219,#23008C,#000000
29,8,219,#23008C,#000000
30,8,219,#23008C,#000000
31,8,219,#23008C,#000000
32,8,219,#23008C,#000000
33,8,219,#23008C,#000000
34,8,32,#000000,#000000
35,8,32,#000000,#000000
36,8,32,#000000,#000000
37,8,32,#000000,#000000
38,8,32,#000000,#000000
39,8,32,#000000,#000000
40,8,32,#000000,#000000
41,8,32,#000000,#000000
42,8,32,#000000,#000000
43,8,32,#000000,#000000
44,8,32,#000000,#000000
45,8,32,#000000,#000000
46,8,32,#000000,#000000
47,8,32,#000000,#000000
48,8,32,#000000,#000000
49,8,32,#000000,#000000
50,8,32,#000000,#000000
51,8,32,#000000,#000000
52,8,32,#000000,#000000
53,8,32,#000000,#000000
54,8,32,#000000,#000000
55,8,32,#000000,#000000
56,8,32,#000000,#000000
57,8,32,#000000,#000000
58,8,32,#000000,#000000
59,8,32,#000000,#000000
60,8,32,#000000,#000000
61,8,32,#000000,#000000
0,9,32,#000000,#000000
1,9,32,#000000,#000000
2,9,32,#000000,#000000
3,9,32,#000000,#000000
4,9,32,#000000,#000000
5,9,32,#000000,#000000
6,9,219,#23008C,#000000
7,9,219,#23008C,#000000
8,9,219,#23008C,#000000
9,9,219,#23008C,#000000
10,9,32,#000000,#000000
11,9,32,#000000,#000000
12,9,32,#000000,#000000
13,9,32,#000000,#000000
14,9,32,#000000,#000000
15,9,32,#000000,#000000
16,9,32,#000000,#000000
17,9,32,#000000,#000000
18,9,219,#23008C,#000000
19,9,219,#23008C,#000000
20,9,219,#23008C,#000000
21,9,219,#23008C,#000000
22,9,32,#000000,#000000
23,9,32,#000000,#000000
24,9,32,#000000,#000000
25,9,32,#000000,#000000
26,9,32,#000000,#000000
27,9,219,#23008C,#000000
28,9,219,#23008C,#000000
29,9,219,#23008C,#000000
30,9,219,#23008C,#000000
31,9,219,#23008C,#000000
32,9,219,#23008C,#000000
33,9,32,#000000,#000000
34,9,32,#000000,#000000
35,9,32,#000000,#000000
36,9,32,#000000,#000000
37,9,32,#000000,#000000
38,9,32,#000000,#000000
39,9,32,#000000,#000000
40,9,32,#000000,#000000
41,9,32,#000000,#000000
42,9,32,#000000,#000000
43,9,32,#000000,#000000
44,9,32,#000000,#000000
45,9,32,#000000,#000000
46,9,32,#000000,#000000
47,9,32,#000000,#000000
48,9,32,#000000,#000000
49,9,32,#000000,#000000
50,9,32,#000000,#000000
51,9,32,#000000,#000000
52,9,32,#000000,#000000
53,9,32,#000000,#000000
54,9,32,#000000,#000000
55,9,32,#000000,#000000
56,9,32,#000000,#000000
57,9,32,#000000,#000000
58,9,32,#000000,#000000
59,9,32,#000000,#000000
60,9,32,#000000,#000000
61,9,32,#000000,#000000
0,10,32,#000000,#000000
1,10,32,#000000,#000000
2,10,32,#000000,#000000
3,10,32,#000000,#000000
4,10,32,#000000,#000000
5,10,32,#000000,#000000
6,10,219,#23008C,#000000
7,10,219,#23008C,#000000
8,10,219,#23008C,#000000
9,10,219,#23008C,#000000
10,10,32,#000000,#000000
11,10,32,#000000,#000000
12,10,32,#000000,#000000
13,10,32,#000000,#000000
14,10,32,#000000,#000000
15,10,32,#000000,#000000
16,10,32,#000000,#000000
17,10,32,#000000,#000000
18,10,219,#23008C,#000000
19,10,219,#23008C,#000000
20,10,219,#23008C,#000000
21,10,219,#23008C,#000000
22,10,32,#000000,#000000
23,10,219,#23008C,#000000
24,10,219,#23008C,#000000
25,10,32,#000000,#000000
26,10,32,#000000,#000000
27,10,32,#000000,#000000
28,10,32,#000000,#000000
29,10,32,#000000,#000000
30,10,32,#000000,#000000
31,10,32,#000000,#000000
32,10,32,#000000,#000000
33,10,32,#000000,#000000
34,10,32,#000000,#000000
35,10,32,#000000,#000000
36,10,32,#000000,#000000
37,10,32,#000000,#000000
38,10,32,#000000,#000000
39,10,32,#000000,#000000
40,10,32,#000000,#000000
41,10,32,#000000,#000000
42,10,32,#000000,#000000
43,10,32,#000000,#000000
44,10,32,#000000,#000000
45,10,32,#000000,#000000
46,10,32,#000000,#000000
47,10,32,#000000,#000000
48,10,32,#000000,#000000
49,10,32,#000000,#000000
50,10,32,#000000,#000000
51,10,32,#000000,#000000
52,10,32,#000000,#000000
53,10,32,#000000,#000000
54,10,32,#000000,#000000
55,10,32,#000000,#000000
56,10,32,#000000,#000000
57,10,32,#000000,#000000
58,10,32,#000000,#000000
59,10,32,#000000,#000000
60,10,32,#000000,#000000
61,10,32,#000000,#000000
0,11,32,#000000,#000000
1,11,32,#000000,#000000
2,11,32,#000000,#000000
3,11,32,#000000,#000000
4,11,32,#000000,#000000
5,11,32,#000000,#000000
6,11,219,#23008C,#000000
7,11,219,#23008C,#000000
8,11,219,#23008C,#000000
9,11,219,#23008C,#000000
10,11,219,#23008C,#000000
11,11,219,#23008C,#000000
12,11,219,#23008C,#000000
13,11,219,#23008C,#000000
14,11,219,#23008C,#000000
15,11,219,#23008C,#000000
16,11,219,#23008C,#000000
17,11,219,#23008C,#000000
18,11,219,#23008C,#000000
19,11,219,#23008C,#000000
20,11,219,#23008C,#000000
21,11,219,#23008C,#000000
22,11,219,#23008C,#000000
23,11,219,#23008C,#000000
24,11,219,#23008C,#000000
25,11,32,#000000,#000000
26,11,32,#000000,#000000
27,11,32,#000000,#000000
28,11,32,#000000,#000000
29,11,32,#000000,#000000
30,11,32,#000000,#000000
31,11,32,#000000,#000000
32,11,32,#000000,#000000
33,11,32,#000000,#000000
34,11,32,#000000,#000000
35,11,32,#000000,#000000
36,11,32,#000000,#000000
37,11,32,#000000,#000000
38,11,32,#000000,#000000
39,11,32,#000000,#000000
40,11,32,#000000,#000000
41,11,32,#000000,#000000
42,11,32,#000000,#000000
43,11,32,#000000,#000000
44,11,32,#000000,#000000
45,11,32,#000000,#000000
46,11,32,#000000,#000000
47,11,32,#000000,#000000
48,11,32,#000000,#000000
49,11,32,#000000,#000000
50,11,32,#000000,#000000
51,11,32,#000000,#000000
52,11,32,#000000,#000000
53,11,32,#000000,#000000
54,11,32,#000000,#000000
55,11,32,#000000,#000000
56,11,32,#000000,#000000
57,11,32,#000000,#000000
58,11,32,#000000,#000000
59,11,32,#000000,#000000
60,11,32,#000000,#000000
61,11,32,#000000,#000000
0,12,32,#000000,#000000
1,12,32,#000000,#000000
2,12,32,#000000,#000000
3,12,32,#000000,#000000
4,12,32,#000000,#000000
5,12,32,#000000,#000000
6,12,219,#23008C,#000000
7,12,219,#23008C,#000000
8,12,219,#23008C,#000000
9,12,219,#23008C,#000000
10,12,32,#000000,#000000
11,12,32,#000000,#000000
12,12,32,#000000,#000000
13,12,32,#000000,#000000
14,12,32,#000000,#000000
15,12,32,#000000,#000000
16,12,32,#000000,#000000
17,12,32,#000000,#000000
18,12,219,#23008C,#000000
19,12,219,#23008C,#000000
20,12,219,#23008C,#000000
21,12,219,#23008C,#000000
22,12,32,#000000,#000000
23,12,219,#23008C,#000000
24,12,219,#23008C,#000000
25,12,32,#000000,#000000
26,12,32,#000000,#000000
27,12,32,#000000,#000000
28,12,32,#000000,#000000
29,12,32,#000000,#000000
30,12,32,#000000,#000000
31,12,32,#000000,#000000
32,12,32,#000000,#000000
33,12,32,#000000,#000000
34,12,32,#000000,#000000
35,12,32,#000000,#000000
36,12,32,#000000,#000000
37,12,32,#000000,#000000
38,12,32,#000000,#000000
39,12,32,#000000,#000000
40,12,32,#000000,#000000
41,12,32,#000000,#000000
42,12,32,#000000,#000000
43,12,32,#000000,#000000
44,12,32,#000000,#000000
45,12,32,#000000,#000000
46,12,32,#000000,#000000
47,12,32,#000000,#000000
48,12,32,#000000,#000000
49,12,32,#000000,#000000
50,12,32,#000000,#000000
51,12,32,#000000,#000000
52,12,32,#000000,#000000
53,12,32,#000000,#000000
54,12,32,#000000,#000000
55,12,32,#000000,#000000
56,12,32,#000000,#000000
57,12,32,#000000,#000000
58,12,32,#000000,#000000
59,12,32,#000000,#000000
60,12,32,#000000,#000000
61,12,32,#000000,#000000
0,13,32,#000000,#000000
1,13,32,#000000,#000000
2,13,32,#000000,#000000
3,13,32,#000000,#000000
4,13,32,#000000,#000000
5,13,32,#000000,#000000
6,13,219,#23008C,#000000
7,13,219,#23008C,#000000
8,13,219,#23008C,#000000
9,13,219,#23008C,#000000
10,13,32,#000000,#000000
11,13,32,#000000,#000000
12,13,32,#000000,#000000
13,13,32,#000000,#000000
14,13,32,#000000,#000000
15,13,32,#000000,#000000
16,13,32,#000000,#000000
17,13,32,#000000,#000000
18,13,219,#23008C,#000000
19,13,219,#23008C,#000000
20,13,219,#23008C,#000000
21,13,219,#23008C,#000000
22,13,32,#000000,#000000
23,13,32,#000000,#000000
24,13,32,#000000,#000000
25,13,32,#000000,#000000
26,13,32,#000000,#000000
27,13,32,#000000,#000000
28,13,32,#000000,#000000
29,13,32,#000000,#000000
30,13,32,#000000,#000000
31,13,32,#000000,#000000
32,13,32,#000000,#000000
33,13,32,#000000,#000000
34,13,32,#000000,#000000
35,13,32,#000000,#000000
36,13,32,#000000,#000000
37,13,32,#000000,#000000
38,13,32,#000000,#000000
39,13,32,#000000,#000000
40,13,32,#000000,#000000
41,13,32,#000000,#000000
42,13,32,#000000,#000000
43,13,32,#000000,#000000
44,13,32,#000000,#000000
45,13,32,#000000,#000000
46,13,32,#000000,#000000
47,13,32,#000000,#000000
48,13,32,#000000,#000000
49,13,32,#000000,#000000
50,13,32,#000000,#000000
51,13,32,#000000,#000000
52,13,32,#000000,#000000
53,13,32,#000000,#000000
54,13,32,#000000,#000000
55,13,32,#000000,#000000
56,13,32,#000000,#000000
57,13,32,#000000,#000000
58,13,32,#000000,#000000
59,13,32,#000000,#000000
60,13,32,#000000,#000000
61,13,32,#000000,#000000
0,14,32,#000000,#000000
1,14,32,#000000,#000000
2,14,32,#000000,#000000
3,14,32,#000000,#000000
4,14,32,#000000,#000000
5,14,32,#000000,#000000
6,14,32,#000000,#000000
7,14,32,#000000,#000000
8,14,32,#000000,#000000
9,14,32,#000000,#000000
10,14,32,#000000,#000000
11,14,32,#000000,#000000
12,14,32,#000000,#000000
13,14,32,#000000,#000000
14,14,32,#000000,#000000
15,14,32,#000000,#000000
16,14,32,#000000,#000000
17,14,32,#000000,#000000
18,14,32,#000000,#000000
19,14,32,#000000,#000000
20,14,219,#23008C,#000000
21,14,32,#000000,#000000
22,14,32,#000000,#000000
23,14,32,#000000,#000000
24,14,32,#000000,#000000
25,14,32,#000000,#000000
26,14,32,#000000,#000000
27,14,32,#000000,#000000
28,14,32,#000000,#000000
29,14,32,#000000,#000000
30,14,32,#000000,#000000
31,14,32,#000000,#000000
32,14,32,#000000,#000000
33,14,32,#000000,#000000
34,14,32,#000000,#000000
35,14,32,#000000,#000000
36,14,32,#000000,#000000
37,14,32,#000000,#000000
38,14,32,#000000,#000000
39,14,32,#000000,#000000
40,14,32,#000000,#000000
41,14,32,#000000,#000000
42,14,32,#000000,#000000
43,14,32,#000000,#000000
44,14,32,#000000,#000000
45,14,32,#000000,#000000
46,14,32,#000000,#000000
47,14,32,#000000,#000000
48,14,32,#000000,#000000
49,14,32,#000000,#000000
50,14,32,#000000,#000000
51,14,32,#000000,#000000
52,14,32,#000000,#000000
53,14,32,#000000,#000000
54,14,32,#000000,#000000
55,14,32,#000000,#000000
56,14,32,#000000,#000000
57,14,32,#000000,#000000
58,14,32,#000000,#000000
59,14,32,#000000,#000000
60,14,32,#000000,#000000
61,14,32,#000000,#000000
0,15,32,#000000,#000000
1,15,32,#000000,#000000
2,15,32,#000000,#000000
3,15,32,#000000,#000000
4,15,32,#000000,#000000
5,15,32,#000000,#000000
6,15,32,#000000,#000000
7,15,32,#000000,#000000
8,15,32,#000000,#000000
9,15,32,#000000,#000000
10,15,32,#000000,#000000
11,15,32,#000000,#000000
12,15,32,#000000,#000000
13,15,32,#000000,#000000
14,15,32,#000000,#000000
15,15,32,#000000,#000000
16,15,32,#000000,#000000
17,15,32,#000000,#000000
18,15,32,#000000,#000000
19,15,32,#000000,#000000
20,15,219,#23008C,#000000
21,15,32,#000000,#000000
22,15,32,#000000,#000000
23,15,32,#000000,#000000
24,15,32,#000000,#000000
25,15,32,#000000,#000000
26,15,32,#000000,#000000
27,15,32,#000000,#000000
28,15,32,#000000,#000000
29,15,32,#000000,#000000
30,15,32,#000000,#000000
31,15,32,#000000,#000000
32,15,32,#000000,#000000
33,15,32,#000000,#000000
34,15,32,#000000,#000000
35,15,32,#000000,#000000
36,15,32,#000000,#000000
37,15,32,#000000,#000000
38,15,32,#000000,#000000
39,15,32,#000000,#000000
40,15,32,#000000,#000000
41,15,32,#000000,#000000
42,15,32,#000000,#000000
43,15,32,#000000,#000000
44,15,32,#000000,#000000
45,15,32,#000000,#000000
46,15,32,#000000,#000000
47,15,32,#000000,#000000
48,15,32,#000000,#000000
49,15,32,#000000,#000000
50,15,32,#000000,#000000
51,15,32,#000000,#000000
52,15,32,#000000,#000000
53,15,32,#000000,#000000
54,15,32,#000000,#000000
55,15,32,#000000,#000000
56,15,32,#000000,#000000
57,15,32,#000000,#000000
58,15,32,#000000,#000000
59,15,32,#000000,#000000
60,15,32,#000000,#000000
61,15,32,#000000,#000000
0,16,32,#000000,#000000
1,16,32,#000000,#000000
2,16,32,#000000,#000000
3,16,32,#000000,#000000
4,16,32,#000000,#000000
5,16,32,#000000,#000000
6,16,32,#000000,#000000
7,16,32,#000000,#000000
8,16,32,#000000,#000000
9,16,32,#000000,#000000
10,16,32,#000000,#000000
11,16,32,#000000,#000000
12,16,32,#000000,#000000
13,16,32,#000000,#000000
14,16,32,#000000,#000000
15,16,32,#000000,#000000
16,16,32,#000000,#000000
17,16,32,#000000,#000000
18,16,219,#23008C,#000000
19,16,219,#23008C,#000000
20,16,219,#23008C,#000000
21,16,219,#23008C,#000000
22,16,32,#000000,#000000
23,16,32,#000000,#000000
24,16,32,#000000,#000000
25,16,32,#000000,#000000
26,16,32,#000000,#000000
27,16,32,#000000,#000000
28,16,32,#000000,#000000
29,16,32,#000000,#000000
30,16,32,#000000,#000000
31,16,32,#000000,#000000
32,16,32,#000000,#000000
33,16,32,#000000,#000000
34,16,32,#000000,#000000
35,16,32,#000000,#000000
36,16,32,#000000,#000000
37,16,32,#000000,#000000
38,16,32,#000000,#000000
39,16,32,#000000,#000000
40,16,32,#000000,#000000
41,16,32,#000000,#000000
42,16,32,#000000,#000000
43,16,32,#000000,#000000
44,16,32,#000000,#000000
45,16,32,#000000,#000000
46,16,32,#000000,#000000
47,16,32,#000000,#000000
48,16,32,#000000,#000000
49,16,32,#000000,#000000
50,16,32,#000000,#000000
51,16,32,#000000,#000000
52,16,32,#000000,#000000
53,16,32,#000000,#000000
54,16,32,#000000,#000000
55,16,32,#000000,#000000
56,16,32,#000000,#000000
57,16,32,#000000,#000000
58,16,32,#000000,#000000
59,16,32,#000000,#000000
60,16,32,#000000,#000000
61,16,32,#000000,#000000
0,17,32,#000000,#000000
1,17,32,#000000,#000000
2,17,32,#000000,#000000
3,17,32,#000000,#000000
4,17,32,#000000,#000000
5,17,32,#000000,#000000
6,17,32,#000000,#000000
7,17,32,#000000,#000000
8,17,32,#000000,#000000
9,17,32,#000000,#000000
10,17,32,#000000,#000000
11,17,32,#000000,#000000
12,17,32,#000000,#000000
13,17,32,#000000,#000000
14,17,32,#000000,#000000
15,17,32,#000000,#000000
16,17,32,#000000,#000000
17,17,32,#000000,#000000
18,17,219,#23008C,#000000
19,17,219,#23008C,#000000
20,17,219,#23008C,#000000
21,17,219,#23008C,#000000
22,17,32,#000000,#000000
23,17,32,#000000,#000000
24,17,32,#000000,#000000
25,17,32,#000000,#000000
26,17,32,#000000,#000000
27,17,32,#000000,#000000
28,17,32,#000000,#000000
29,17,32,#000000,#000000
30,17,32,#000000,#000000
31,17,32,#000000,#000000
32,17,32,#000000,#000000
33,17,32,#000000,#000000
34,17,32,#000000,#000000
35,17,32,#000000,#000000
36,17,32,#000000,#000000
37,17,32,#000000,#000000
38,17,32,#000000,#000000
39,17,32,#000000,#000000
40,17,32,#000000,#000000
41,17,32,#000000,#000000
42,17,32,#000000,#000000
43,17,32,#000000,#000000
44,17,32,#000000,#000000
45,17,32,#000000,#000000
46,17,32,#000000,#000000
47,17,32,#000000,#000000
48,17,32,#000000,#000000
49,17,32,#000000,#000000
50,17,32,#000000,#000000
51,17,32,#000000,#000000
52,17,32,#000000,#000000
53,17,32,#000000,#000000
54,17,32,#000000,#000000
55,17,32,#000000,#000000
56,17,32,#000000,#000000
57,17,32,#000000,#000000
58,17,32,#000000,#000000
59,17,32,#000000,#000000
60,17,32,#000000,#000000
61,17,32,#000000,#000000
0,18,32,#000000,#000000
1,18,32,#000000,#000000
2,18,32,#000000,#000000
3,18,32,#000000,#000000
4,18,32,#000000,#000000
5,18,32,#000000,#000000
6,18,32,#000000,#000000
7,18,32,#000000,#000000
8,18,32,#000000,#000000
9,18,32,#000000,#000000
10,18,32,#000000,#000000
11,18,32,#000000,#000000
12,18,32,#000000,#000000
13,18,32,#000000,#000000
14,18,32,#000000,#000000
15,18,32,#000000,#000000
16,18,32,#000000,#000000
17,18,32,#000000,#000000
18,18,219,#23008C,#000000
19,18,219,#23008C,#000000
20,18,219,#23008C,#000000
21,18,219,#23008C,#000000
22,18,219,#23008C,#000000
23,18,219,#23008C,#000000
24,18,219,#23008C,#000000
25,18,219,#23008C,#000000
26,18,32,#000000,#000000
27,18,32,#000000,#000000
28,18,32,#000000,#000000
29,18,32,#000000,#000000
30,18,32,#000000,#000000
31,18,32,#000000,#000000
32,18,32,#000000,#000000
33,18,32,#000000,#000000
34,18,32,#000000,#000000
35,18,32,#000000,#000000
36,18,32,#000000,#000000
37,18,32,#000000,#000000
38,18,32,#000000,#000000
39,18,32,#000000,#000000
40,18,32,#000000,#000000
41,18,32,#000000,#000000
42,18,32,#000000,#000000
43,18,32,#000000,#000000
44,18,32,#000000,#000000
45,18,32,#000000,#000000
46,18,32,#000000,#000000
47,18,32,#000000,#000000
48,18,32,#000000,#000000
49,18,32,#000000,#000000
50,18,32,#000000,#000000
51,18,32,#000000,#000000
52,18,32,#000000,#000000
53,18,32,#000000,#000000
54,18,32,#000000,#000000
55,18,32,#000000,#000000
56,18,32,#000000,#000000
57,18,32,#000000,#000000
58,18,32,#000000,#000000
59,18,32,#000000,#000000
60,18,32,#000000,#000000
61,18,32,#000000,#000000
0,19,32,#000000,#000000
1,19,32,#000000,#000000
2,19,32,#000000,#000000
3,19,32,#000000,#000000
4,19,32,#000000,#000000
5,19,32,#000000,#000000
6,19,32,#000000,#000000
7,19,32,#000000,#000000
8,19,32,#000000,#000000
9,19,32,#000000,#000000
10,19,32,#000000,#000000
11,19,32,#000000,#000000
12,19,32,#000000,#000000
13,19,32,#000000,#000000
14,19,32,#000000,#000000
15,19,32,#000000,#000000
16,19,32,#000000,#000000
17,19,32,#000000,#000000
18,19,219,#23008C,#000000
19,19,219,#23008C,#000000
20,19,219,#23008C,#000000
21,19,219,#23008C,#000000
22,19,32,#000000,#000000
23,19,32,#000000,#000000
24,19,32,#000000,#000000
25,19,219,#23008C,#000000
26,19,32,#000000,#000000
27,19,32,#000000,#000000
28,19,32,#000000,#000000
29,19,32,#000000,#000000
30,19,32,#000000,#000000
31,19,32,#000000,#000000
32,19,32,#000000,#000000
33,19,32,#000000,#000000
34,19,32,#000000,#000000
35,19,32,#000000,#000000
36,19,32,#000000,#000000
37,19,32,#000000,#000000
38,19,32,#000000,#000000
39,19,32,#000000,#000000
40,19,32,#000000,#000000
41,19,32,#000000,#000000
42,19,32,#000000,#000000
43,19,32,#000000,#000000
44,19,32,#000000,#000000
45,19,32,#000000,#000000
46,19,32,#000000,#000000
47,19,32,#000000,#000000
48,19,32,#000000,#000000
49,19,32,#000000,#000000
50,19,32,#000000,#000000
51,19,32,#000000,#000000
52,19,32,#000000,#000000
53,19,32,#000000,#000000
54,19,32,#000000,#000000
55,19,32,#000000,#000000
56,19,32,#000000,#000000
57,19,32,#000000,#000000
58,19,32,#000000,#000000
59,19,32,#000000,#000000
60,19,32,#000000,#000000
61,19,32,#000000,#000000
0,20,32,#000000,#000000
1,20,32,#000000,#000000
2,20,32,#000000,#000000
3,20,32,#000000,#000000
4,20,32,#000000,#000000
5,20,32,#000000,#000000
6,20,32,#000000,#000000
7,20,32,#000000,#000000
8,20,32,#000000,#000000
9,20,32,#000000,#000000
10,20,32,#000000,#000000
11,20,32,#000000,#000000
12,20,32,#000000,#000000
13,20,32,#000000,#000000
14,20,32,#000000,#000000
15,20,32,#000000,#000000
16,20,32,#000000,#000000
17,20,32,#000000,#000000
18,20,32,#000000,#000000
19,20,32,#000000,#000000
20,20,32,#000000,#000000
21,20,32,#000000,#000000
22,20,32,#000000,#000000
23,20,32,#000000,#000000
24,20,32,#000000,#000000
25,20,219,#23008C,#000000
26,20,32,#000000,#000000
27,20,32,#000000,#000000
28,20,32,#000000,#000000
29,20,32,#000000,#000000
30,20,32,#000000,#000000
31,20,32,#000000,#000000
32,20,32,#000000,#000000
33,20,32,#000000,#000000
34,20,32,#000000,#000000
35,20,32,#000000,#000000
36,20,32,#000000,#000000
37,20,32,#000000,#000000
38,20,32,#000000,#000000
39,20,32,#000000,#000000
40,20,32,#000000,#000000
41,20,32,#000000,#000000
42,20,32,#000000,#000000
43,20,32,#000000,#000000
44,20,32,#000000,#000000
45,20,32,#000000,#000000
46,20,32,#000000,#000000
47,20,32,#000000,#000000
48,20,32,#000000,#000000
49,20,32,#000000,#000000
50,20,32,#000000,#000000
51,20,32,#000000,#000000
52,20,32,#000000,#000000
53,20,32,#000000,#000000
54,20,32,#000000,#000000
55,20,32,#000000,#000000
56,20,32,#000000,#000000
57,20,32,#000000,#000000
58,20,32,#000000,#000000
59,20,32,#000000,#000000
60,20,32,#000000,#000000
61,20,32,#000000,#000000
0,21,32,#000000,#000000
1,21,32,#000000,#000000
2,21,32,#000000,#000000
3,21,32,#000000,#000000
4,21,32,#000000,#000000
5,21,32,#000000,#000000
6,21,32,#000000,#000000
7,21,32,#000000,#000000
8,21,32,#000000,#000000
9,21,32,#000000,#000000
10,21,32,#000000,#000000
11,21,32,#000000,#000000
12,21,32,#000000,#000000
13,21,32,#000000,#000000
14,21,32,#000000,#000000
15,21,32,#000000,#000000
16,21,32,#000000,#000000
17,21,32,#000000,#000000
18,21,32,#000000,#000000
19,21,32,#000000,#000000
20,21,32,#000000,#000000
21,21,32,#000000,#000000
22,21,32,#000000,#000000
23,21,32,#000000,#000000
24,21,32,#000000,#000000
25,21,219,#23008C,#000000
26,21,32,#000000,#000000
27,21,32,#000000,#000000
28,21,32,#000000,#000000
29,21,32,#000000,#000000
30,21,32,#000000,#000000
31,21,32,#000000,#000000
32,21,32,#000000,#000000
33,21,32,#000000,#000000
34,21,32,#000000,#000000
35,21,32,#000000,#000000
36,21,32,#000000,#000000
37,21,32,#000000,#000000
38,21,32,#000000,#000000
39,21,32,#000000,#000000
40,21,32,#000000,#000000
41,21,32,#000000,#000000
42,21,32,#000000,#000000
43,21,32,#000000,#000000
44,21,32,#000000,#000000
45,21,32,#000000,#000000
46,21,32,#000000,#000000
47,21,32,#000000,#000000
48,21,32,#000000,#000000
49,21,32,#000000,#000000
50,21,32,#000000,#000000
51,21,32,#000000,#000000
52,21,32,#000000,#000000
53,21,32,#000000,#000000
54,21,32,#000000,#000000
55,21,32,#000000,#000000
56,21,32,#000000,#000000
57,21,32,#000000,#000000
58,21,32,#000000,#000000
59,21,32,#000000,#000000
60,21,32,#000000,#000000
61,21,32,#000000,#000000
0,22,32,#000000,#000000
1,22,32,#000000,#000000
2,22,32,#000000,#000000
3,22,32,#000000,#000000
4,22,32,#000000,#000000
5,22,32,#000000,#000000
6,22,32,#000000,#000000
7,22,32,#000000,#000000
8,22,32,#000000,#000000
9,22,32,#000000,#000000
10,22,32,#000000,#000000
11,22,32,#000000,#000000
12,22,32,#000000,#000000
13,22,32,#000000,#000000
14,22,32,#000000,#000000
15,22,32,#000000,#000000
16,22,32,#000000,#000000
17,22,32,#000000,#000000
18,22,32,#000000,#000000
19,22,32,#000000,#000000
20,22,32,#000000,#000000
21,22,32,#000000,#000000
22,22,32,#000000,#000000
23,22,32,#000000,#000000
24,22,32,#000000,#000000
25,22,219,#23008C,#000000
26,22,32,#000000,#000000
27,22,32,#000000,#000000
28,22,32,#000000,#000000
29,22,32,#000000,#000000
30,22,32,#000000,#000000
31,22,32,#000000,#000000
32,22,32,#000000,#000000
33,22,32,#000000,#000000
34,22,32,#000000,#000000
35,22,32,#000000,#000000
36,22,32,#000000,#000000
37,22,32,#000000,#000000
38,22,32,#000000,#000000
39,22,32,#000000,#000000
40,22,32,#000000,#000000
41,22,32,#000000,#000000
42,22,32,#000000,#000000
43,22,32,#000000,#000000
44,22,32,#000000,#000000
45,22,32,#000000,#000000
46,22,32,#000000,#000000
47,22,32,#000000,#000000
48,22,32,#000000,#000000
49,22,32,#000000,#000000
50,22,32,#000000,#000000
51,22,32,#000000,#000000
52,22,32,#000000,#000000
53,22,32,#000000,#000000
54,22,32,#000000,#000000
55,22,32,#000000,#000000
56,22,32,#000000,#000000
57,22,32,#000000,#000000
58,22,32,#000000,#000000
59,22,32,#000000,#000000
60,22,32,#000000,#000000
61,22,32,#000000,#000000
0,23,32,#000000,#000000
1,23,32,#000000,#000000
2,23,32,#000000,#000000
3,23,32,#000000,#000000
4,23,32,#000000,#000000
5,23,32,#000000,#000000
6,23,32,#000000,#000000
7,23,32,#000000,#000000
8,23,32,#000000,#000000
9,23,32,#000000,#000000
10,23,32,#000000,#000000
11,23,32,#000000,#000000
12,23,32,#000000,#000000
13,23,32,#000000,#000000
14,23,32,#000000,#000000
15,23,32,#000000,#000000
16,23,32,#000000,#000000
17,23,32,#000000,#000000
18,23,32,#000000,#000000
19,23,32,#000000,#000000
20,23,32,#000000,#000000
21,23,32,#000000,#000000
22,23,32,#000000,#000000
23,23,32,#000000,#000000
24,23,32,#000000,#000000
25,23,219,#23008C,#000000
26,23,32,#000000,#000000
27,23,32,#000000,#000000
28,23,32,#000000,#000000
29,23,32,#000000,#000000
30,23,32,#000000,#000000
31,23,32,#000000,#000000
32,23,32,#000000,#000000
33,23,32,#000000,#000000
34,23,32,#000000,#000000
35,23,32,#000000,#000000
36,23,32,#000000,#000000
37,23,32,#000000,#000000
38,23,32,#000000,#000000
39,23,32,#000000,#000000
40,23,32,#000000,#000000
41,23,32,#000000,#000000
42,23,32,#000000,#000000
43,23,32,#000000,#000000
44,23,32,#000000,#000000
45,23,32,#000000,#000000
46,23,32,#000000,#000000
47,23,32,#000000,#000000
48,23,32,#000000,#000000
49,23,32,#000000,#000000
50,23,32,#000000,#000000
51,23,32,#000000,#000000
52,23,32,#000000,#000000
53,23,32,#000000,#000000
54,23,32,#000000,#000000
55,23,32,#000000,#000000
56,23,32,#000000,#000000
57,23,32,#000000,#000000
58,23,32,#000000,#000000
59,23,32,#000000,#000000
60,23,32,#000000,#000000
61,23,32,#000000,#000000
0,24,32,#000000,#000000
1,24,32,#000000,#000000
2,24,32,#000000,#000000
3,24,32,#000000,#000000
4,24,32,#000000,#000000
5,24,32,#000000,#000000
6,24,32,#000000,#000000
7,24,32,#000000,#000000
8,24,32,#000000,#000000
9,24,32,#000000,#000000
10,24,219,#23008C,#000000
11,24,32,#000000,#000000
12,24,32,#000000,#000000
13,24,32,#000000,#000000
14,24,32,#000000,#000000
15,24,32,#000000,#000000
16,24,32,#000000,#000000
17,24,32,#000000,#000000
18,24,32,#000000,#000000
19,24,32,#000000,#000000
20,24,32,#000000,#000000
21,24,32,#000000,#000000
22,24,219,#23008C,#000000
23,24,219,#23008C,#000000
24,24,219,#23008C,#000000
25,24,219,#23008C,#000000
26,24,219,#23008C,#000000
27,24,219,#23008C,#000000
28,24,219,#23008C,#000000
29,24,32,#000000,#000000
30,24,32,#000000,#000000
31,24,32,#000000,#000000
32,24,32,#000000,#000000
33,24,32,#000000,#000000
34,24,32,#000000,#000000
35,24,32,#000000,#000000
36,24,32,#000000,#000000
37,24,32,#000000,#000000
38,24,32,#000000,#000000
39,24,32,#000000,#000000
40,24,32,#000000,#000000
41,24,32,#000000,#000000
42,24,32,#000000,#000000
43,24,32,#000000,#000000
44,24,32,#000000,#000000
45,24,32,#000000,#000000
46,24,32,#000000,#000000
47,24,32,#000000,#000000
48,24,32,#000000,#000000
49,24,32,#000000,#000000
50,24,32,#000000,#000000
51,24,32,#000000,#000000
52,24,32,#000000,#000000
53,24,32,#000000,#000000
54,24,32,#000000,#000000
55,24,32,#000000,#000000
56,24,32,#000000,#000000
57,24,32,#000000,#000000
58,24,32,#000000,#000000
59,24,32,#000000,#000000
60,24,32,#000000,#000000
61,24,32,#000000,#000000
0,25,32,#000000,#000000
1,25,32,#000000,#000000
2,25,32,#000000,#000000
3,25,32,#000000,#000000
4,25,32,#000000,#000000
5,25,32,#000000,#000000
6,25,32,#000000,#000000
7,25,32,#000000,#000000
8,25,32,#000000,#000000
9,25,219,#23008C,#000000
10,25,219,#23008C,#000000
11,25,219,#23008C,#000000
12,25,32,#000000,#000000
13,25,32,#000000,#000000
14,25,32,#000000,#000000
15,25,32,#000000,#000000
16,25,32,#000000,#000000
17,25,32,#000000,#000000
18,25,32,#000000,#000000
19,25,32,#000000,#000000
20,25,32,#000000,#000000
21,25,32,#000000,#000000
22,25,219,#23008C,#000000
23,25,219,#23008C,#000000
24,25,219,#23008C,#000000
25,25,219,#23008C,#000000
26,25,219,#23008C,#000000
27,25,219,#23008C,#000000
28,25,219,#23008C,#000000
29,25,32,#000000,#000000
30,25,32,#000000,#000000
31,25,32,#000000,#000000
32,25,32,#000000,#000000
33,25,32,#000000,#000000
34,25,32,#000000,#000000
35,25,32,#000000,#000000
36,25,32,#000000,#000000
37,25,32,#000000,#000000
38,25,32,#000000,#000000
39,25,32,#000000,#000000
40,25,32,#000000,#000000
41,25,32,#000000,#000000
42,25,32,#000000,#000000
43,25,32,#000000,#000000
44,25,32,#000000,#000000
45,25,32,#000000,#000000
46,25,32,#000000,#000000
47,25,32,#000000,#000000
48,25,32,#000000,#000000
49,25,32,#000000,#000000
50,25,32,#000000,#000000
51,25,32,#000000,#000000
52,25,32,#000000,#000000
53,25,32,#000000,#000000
54,25,32,#000000,#000000
55,25,32,#000000,#000000
56,25,32,#000000,#000000
57,25,32,#000000,#000000
58,25,32,#000000,#000000
59,25,32,#000000,#000000
60,25,32,#000000,#000000
61,25,32,#000000,#000000
0,26,32,#000000,#000000
1,26,32,#000000,#000000
2,26,32,#000000,#000000
3,26,32,#000000,#000000
4,26,32,#000000,#000000
5,26,32,#000000,#000000
6,26,32,#000000,#000000
7,26,32,#000000,#000000
8,26,32,#000000,#000000
9,26,219,#23008C,#000000
10,26,219,#23008C,#000000
11,26,219,#23008C,#000000
12,26,32,#000000,#000000
13,26,32,#000000,#000000
14,26,32,#000000,#000000
15,26,32,#000000,#000000
16,26,32,#000000,#000000
17,26,32,#000000,#000000
18,26,32,#000000,#000000
19,26,32,#000000,#000000
20,26,32,#000000,#000000
21,26,32,#000000,#000000
22,26,219,#23008C,#000000
23,26,219,#000000,#000000
24,26,219,#23008C,#000000
25,26,219,#23008C,#000000
26,26,219,#23008C,#000000
27,26,219,#000000,#000000
28,26,219,#23008C,#000000
29,26,32,#000000,#000000
30,26,32,#000000,#000000
31,26,32,#000000,#000000
32,26,32,#000000,#000000
33,26,32,#000000,#000000
34,26,32,#000000,#000000
35,26,32,#000000,#000000
36,26,32,#000000,#000000
37,26,32,#000000,#000000
38,26,32,#000000,#000000
39,26,32,#000000,#000000
40,26,32,#000000,#000000
41,26,32,#000000,#000000
42,26,32,#000000,#000000
43,26,32,#000000,#000000
44,26,32,#000000,#000000
45,26,32,#000000,#000000
46,26,32,#000000,#000000
47,26,32,#000000,#000000
48,26,32,#000000,#000000
49,26,32,#000000,#000000
50,26,32,#000000,#000000
51,26,32,#000000,#000000
52,26,32,#000000,#000000
53,26,32,#000000,#000000
54,26,32,#000000,#000000
55,26,32,#000000,#000000
56,26,32,#000000,#000000
57,26,32,#000000,#000000
58,26,32,#000000,#000000
59,26,32,#000000,#000000
60,26,32,#000000,#000000
61,26,32,#000000,#000000
0,27,32,#000000,#000000
1,27,32,#000000,#000000
2,27,32,#000000,#000000
3,27,32,#000000,#000000
4,27,32,#000000,#000000
5,27,32,#000000,#000000
6,27,32,#000000,#000000
7,27,32,#000000,#000000
8,27,32,#000000,#000000
9,27,32,#000000,#000000
10,27,219,#23008C,#000000
11,27,32,#000000,#000000
12,27,32,#000000,#000000
13,27,32,#000000,#000000
14,27,32,#000000,#000000
15,27,32,#000000,#000000
16,27,32,#000000,#000000
17,27,32,#000000,#000000
18,27,32,#000000,#000000
19,27,32,#000000,#000000
20,27,32,#000000,#000000
21,27,32,#000000,#000000
22,27,219,#23008C,#000000
23,27,219,#23008C,#000000
24,27,219,#23008C,#000000
25,27,219,#23008C,#000000
26,27,219,#23008C,#000000
27,27,219,#23008C,#000000
28,27,219,#23008C,#000000
29,27,32,#000000,#000000
30,27,32,#000000,#000000
31,27,32,#000000,#000000
32,27,32,#000000,#000000
33,27,32,#000000,#000000
34,27,32,#000000,#000000
35,27,32,#000000,#000000
36,27,32,#000000,#000000
37,27,32,#000000,#000000
38,27,32,#000000,#000000
39,27,32,#000000,#000000
40,27,32,#000000,#000000
41,27,32,#000000,#000000
42,27,32,#000000,#000000
43,27,32,#000000,#000000
44,27,32,#000000,#000000
45,27,32,#000000,#000000
46,27,32,#000000,#000000
47,27,32,#000000,#000000
48,27,32,#000000,#000000
49,27,32,#000000,#000000
50,27,32,#000000,#000000
51,27,32,#000000,#000000
52,27,32,#000000,#000000
53,27,32,#000000,#000000
54,27,32,#000000,#000000
55,27,32,#000000,#000000
56,27,32,#000000,#000000
57,27,32,#000000,#000000
58,27,32,#000000,#000000
59,27,32,#000000,#000000
60,27,32,#000000,#000000
61,27,32,#000000,#000000
0,28,32,#000000,#000000
1,28,32,#000000,#000000
2,28,32,#000000,#000000
3,28,32,#000000,#000000
4,28,32,#000000,#000000
5,28,32,#000000,#000000
6,28,32,#000000,#000000
7,28,32,#000000,#000000
8,28,32,#000000,#000000
9,28,219,#23008C,#000000
10,28,219,#23008C,#000000
11,28,219,#23008C,#000000
12,28,32,#000000,#000000
13,28,32,#000000,#000000
14,28,32,#000000,#000000
15,28,32,#000000,#000000
16,28,32,#000000,#000000
17,28,32,#000000,#000000
18,28,32,#000000,#000000
19,28,32,#000000,#000000
20,28,32,#000000,#000000
21,28,32,#000000,#000000
22,28,219,#23008C,#000000
23,28,219,#23008C,#000000
24,28,219,#23008C,#000000
25,28,219,#23008C,#000000
26,28,219,#23008C,#000000
27,28,219,#23008C,#000000
28,28,219,#23008C,#000000
29,28,32,#000000,#000000
30,28,32,#000000,#000000
31,28,32,#000000,#000000
32,28,32,#000000,#000000
33,28,32,#000000,#000000
34,28,32,#000000,#000000
35,28,32,#000000,#000000
36,28,32,#000000,#000000
37,28,32,#000000,#000000
38,28,32,#000000,#000000
39,28,32,#000000,#000000
40,28,32,#000000,#000000
41,28,32,#000000,#000000
42,28,32,#000000,#000000
43,28,32,#000000,#000000
44,28,32,#000000,#000000
45,28,32,#000000,#000000
46,28,32,#000000,#000000
47,28,32,#000000,#000000
48,28,32,#000000,#000000
49,28,32,#000000,#000000
50,28,32,#000000,#000000
51,28,32,#000000,#000000
52,28,32,#000000,#000000
53,28,32,#000000,#000000
54,28,32,#000000,#000000
55,28,32,#000000,#000000
56,28,32,#000000,#000000
57,28,32,#000000,#000000
58,28,32,#000000,#000000
59,28,32,#000000,#000000
60,28,32,#000000,#000000
61,28,32,#000000,#000000
0,29,32,#000000,#000000
1,29,32,#000000,#000000
2,29,32,#000000,#000000
3,29,32,#000000,#000000
4,29,32,#000000,#000000
5,29,32,#000000,#000000
6,29,32,#000000,#000000
7,29,32,#000000,#000000
8,29,219,#23008C,#000000
9,29,219,#23008C,#000000
10,29,219,#23008C,#000000
11,29,219,#23008C,#000000
12,29,219,#23008C,#000000
13,29,32,#000000,#000000
14,29,32,#000000,#000000
15,29,32,#000000,#000000
16,29,32,#000000,#000000
17,29,32,#000000,#000000
18,29,32,#000000,#000000
19,29,32,#000000,#000000
20,29,32,#000000,#000000
21,29,32,#000000,#000000
22,29,219,#23008C,#000000
23,29,219,#000000,#000000
24,29,219,#23008C,#000000
25,29,219,#23008C,#000000
26,29,219,#23008C,#000000
27,29,219,#000000,#000000
28,29,219,#23008C,#000000
29,29,32,#000000,#000000
30,29,32,#000000,#000000
31,29,32,#000000,#000000
32,29,32,#000000,#000000
33,29,32,#000000,#000000
34,29,32,#000000,#000000
35,29,32,#000000,#000000
36,29,32,#000000,#000000
37,29,32,#000000,#000000
38,29,32,#000000,#000000
39,29,32,#000000,#000000
40,29,32,#000000,#000000
41,29,32,#000000,#000000
42,29,32,#000000,#000000
43,29,32,#000000,#000000
44,29,32,#000000,#000000
45,29,32,#000000,#000000
46,29,32,#000000,#000000
47,29,32,#000000,#000000
48,29,32,#000000,#000000
49,29,32,#000000,#000000
50,29,32,#000000,#000000
51,29,32,#000000,#000000
52,29,32,#000000,#000000
53,29,32,#000000,#000000
54,29,32,#000000,#000000
55,29,32,#000000,#000000
56,29,32,#000000,#000000
57,29,32,#000000,#000000
58,29,32,#000000,#000000
59,29,32,#000000,#000000
60,29,32,#000000,#000000
61,29,32,#000000,#000000
0,30,32,#000000,#000000
1,30,32,#000000,#000000
2,30,32,#000000,#000000
3,30,32,#000000,#000000
4,30,32,#000000,#000000
5,30,32,#000000,#000000
6,30,32,#000000,#000000
7,30,219,#23008C,#000000
8,30,219,#23008C,#000000
9,30,219,#23008C,#000000
10,30,219,#23008C,#000000
11,30,219,#23008C,#000000
12,30,219,#23008C,#000000
13,30,219,#23008C,#000000
14,30,32,#000000,#000000
15,30,32,#000000,#000000
16,30,32,#000000,#000000
17,30,32,#000000,#000000
18,30,32,#000000,#000000
19,30,32,#000000,#000000
20,30,32,#000000,#000000
21,30,32,#000000,#000000
22,30,219,#23008C,#000000
23,30,219,#23008C,#000000
24,30,219,#23008C,#000000
25,30,219,#23008C,#000000
26,30,219,#23008C,#000000
27,30,219,#23008C,#000000
28,30,219,#23008C,#000000
29,30,32,#000000,#000000
30,30,32,#000000,#000000
31,30,32,#000000,#000000
32,30,32,#000000,#000000
33,30,32,#000000,#000000
34,30,32,#000000,#000000
35,30,32,#000000,#000000
36,30,32,#000000,#000000
37,30,32,#000000,#000000
38,30,32,#000000,#000000
39,30,32,#000000,#000000
40,30,32,#000000,#000000
41,30,32,#000000,#000000
42,30,32,#000000,#000000
43,30,32,#000000,#000000
44,30,32,#000000,#000000
45,30,32,#000000,#000000
46,30,32,#000000,#000000
47,30,32,#000000,#000000
48,30,32,#000000,#000000
49,30,32,#000000,#000000
50,30,32,#000000,#000000
51,30,32,#000000,#000000
52,30,32,#000000,#000000
53,30,32,#000000,#000000
54,30,32,#000000,#000000
55,30,32,#000000,#000000
56,30,32,#000000,#000000
57,30,32,#000000,#000000
58,30,32,#000000,#000000
59,30,32,#000000,#000000
60,30,32,#000000,#000000
61,30,32,#000000,#000000
0,31,32,#000000,#000000
1,31,32,#000000,#000000
2,31,32,#000000,#000000
3,31,219,#23008C,#000000
4,31,219,#23008C,#000000
5,31,32,#000000,#000000
6,31,219,#23008C,#000000
7,31,219,#23008C,#000000
8,31,219,#23008C,#000000
9,31,219,#23008C,#000000
10,31,219,#000000,#000000
11,31,219,#23008C,#000000
12,31,219,#23008C,#000000
13,31,219,#23008C,#000000
14,31,219,#23008C,#000000
15,31,32,#000000,#000000
16,31,32,#000000,#000000
17,31,32,#000000,#000000
18,31,32,#000000,#000000
19,31,32,#000000,#000000
20,31,32,#000000,#000000
21,31,32,#000000,#000000
22,31,219,#23008C,#000000
23,31,219,#23008C,#000000
24,31,219,#23008C,#000000
25,31,219,#23008C,#000000
26,31,219,#23008C,#000000
27,31,219,#23008C,#000000
28,31,219,#23008C,#000000
29,31,32,#000000,#000000
30,31,32,#000000,#000000
31,31,32,#000000,#000000
32,31,32,#000000,#000000
33,31,32,#000000,#000000
34,31,32,#000000,#000000
35,31,32,#000000,#000000
36,31,32,#000000,#000000
37,31,32,#000000,#000000
38,31,32,#000000,#000000
39,31,32,#000000,#000000
40,31,32,#000000,#000000
41,31,32,#000000,#000000
42,31,32,#000000,#000000
43,31,32,#000000,#000000
44,31,32,#000000,#000000
45,31,32,#000000,#000000
46,31,32,#000000,#000000
47,31,32,#000000,#000000
48,31,32,#000000,#000000
49,31,32,#000000,#000000
50,31,32,#000000,#000000
51,31,32,#000000,#000000
52,31,32,#000000,#000000
53,31,32,#000000,#000000
54,31,32,#000000,#000000
55,31,32,#000000,#000000
56,31,32,#000000,#000000
57,31,32,#000000,#000000
58,31,32,#000000,#000000
59,31,32,#000000,#000000
60,31,32,#000000,#000000
61,31,32,#000000,#000000
0,32,32,#000000,#000000
1,32,32,#000000,#000000
2,32,219,#23008C,#000000
3,32,219,#23008C,#000000
4,32,219,#23008C,#000000
5,32,219,#23008C,#000000
6,32,219,#23008C,#000000
7,32,219,#23008C,#000000
8,32,219,#23008C,#000000
9,32,219,#000000,#000000
10,32,219,#000000,#000000
11,32,219,#000000,#000000
12,32,219,#23008C,#000000
13,32,219,#23008C,#000000
14,32,219,#23008C,#000000
15,32,219,#23008C,#000000
16,32,219,#23008C,#000000
17,32,219,#23008C,#000000
18,32,219,#23008C,#000000
19,32,32,#000000,#000000
20,32,32,#000000,#000000
21,32,32,#000000,#000000
22,32,219,#23008C,#000000
23,32,219,#000000,#000000
24,32,219,#23008C,#000000
25,32,219,#23008C,#000000
26,32,219,#23008C,#000000
27,32,219,#000000,#000000
28,32,219,#23008C,#000000
29,32,32,#000000,#000000
30,32,32,#000000,#000000
31,32,32,#000000,#000000
32,32,32,#000000,#000000
33,32,32,#000000,#000000
34,32,32,#000000,#000000
35,32,32,#000000,#000000
36,32,32,#000000,#000000
37,32,32,#000000,#000000
38,32,32,#000000,#000000
39,32,32,#000000,#000000
40,32,32,#000000,#000000
41,32,32,#000000,#000000
42,32,32,#000000,#000000
43,32,32,#000000,#000000
44,32,32,#000000,#000000
45,32,32,#000000,#000000
46,32,32,#000000,#000000
47,32,32,#000000,#000000
48,32,32,#000000,#000000
49,32,32,#000000,#000000
50,32,32,#000000,#000000
51,32,32,#000000,#000000
52,32,32,#000000,#000000
53,32,32,#000000,#000000
54,32,32,#000000,#000000
55,32,32,#000000,#000000
56,32,32,#000000,#000000
57,32,32,#000000,#000000
58,32,32,#000000,#000000
59,32,32,#000000,#000000
60,32,32,#000000,#000000
61,32,32,#000000,#000000
0,33,32,#000000,#000000
1,33,32,#000000,#000000
2,33,32,#000000,#000000
3,33,219,#23008C,#000000
4,33,219,#23008C,#000000
5,33,32,#000000,#000000
6,33,219,#23008C,#000000
7,33,219,#23008C,#000000
8,33,219,#23008C,#000000
9,33,219,#23008C,#000000
10,33,219,#000000,#000000
11,33,219,#23008C,#000000
12,33,219,#23008C,#000000
13,33,219,#23008C,#000000
14,33,219,#23008C,#000000
15,33,32,#000000,#000000
16,33,32,#000000,#000000
17,33,32,#000000,#000000
18,33,219,#23008C,#000000
19,33,32,#000000,#000000
20,33,32,#000000,#000000
21,33,32,#000000,#000000
22,33,219,#23008C,#000000
23,33,219,#23008C,#000000
24,33,219,#23008C,#000000
25,33,219,#23008C,#000000
26,33,219,#23008C,#000000
27,33,219,#23008C,#000000
28,33,219,#23008C,#000000
29,33,32,#000000,#000000
30,33,32,#000000,#000000
31,33,32,#000000,#000000
32,33,32,#000000,#000000
33,33,32,#000000,#000000
34,33,32,#000000,#000000
35,33,32,#000000,#000000
36,33,32,#000000,#000000
37,33,32,#000000,#000000
38,33,32,#000000,#000000
39,33,32,#000000,#000000
40,33,32,#000000,#000000
41,33,32,#000000,#000000
42,33,32,#000000,#000000
43,33,32,#000000,#000000
44,33,32,#000000,#000000
45,33,32,#000000,#000000
46,33,32,#000000,#000000
47,33,32,#000000,#000000
48,33,32,#000000,#000000
49,33,32,#000000,#000000
50,33,32,#000000,#000000
51,33,32,#000000,#000000
52,33,32,#000000,#000000
53,33,32,#000000,#000000
54,33,32,#000000,#000000
55,33,32,#000000,#000000
56,33,32,#000000,#000000
57,33,32,#000000,#000000
58,33,32,#000000,#000000
59,33,32,#000000,#000000
60,33,32,#000000,#000000
61,33,32,#000000,#000000
0,34,32,#000000,#000000
1,34,32,#000000,#000000
2,34,32,#000000,#000000
3,34,32,#000000,#000000
4,34,32,#000000,#000000
5,34,32,#000000,#000000
6,34,32,#000000,#000000
7,34,219,#23008C,#000000
8,34,219,#23008C,#000000
9,34,219,#23008C,#000000
10,34,219,#23008C,#000000
11,34,219,#23008C,#000000
12,34,219,#23008C,#000000
13,34,219,#23008C,#000000
14,34,32,#000000,#000000
15,34,32,#000000,#000000
16,34,32,#000000,#000000
17,34,32,#000000,#000000
18,34,219,#23008C,#000000
19,34,32,#000000,#000000
20,34,32,#000000,#000000
21,34,32,#000000,#000000
22,34,219,#23008C,#000000
23,34,219,#23008C,#000000
24,34,219,#23008C,#000000
25,34,219,#23008C,#000000
26,34,219,#23008C,#000000
27,34,219,#23008C,#000000
28,34,219,#23008C,#000000
29,34,32,#000000,#000000
30,34,32,#000000,#000000
31,34,32,#000000,#000000
32,34,32,#000000,#000000
33,34,32,#000000,#000000
34,34,32,#000000,#000000
35,34,32,#000000,#000000
36,34,32,#000000,#000000
37,34,32,#000000,#000000
38,34,32,#000000,#000000
39,34,32,#000000,#000000
40,34,32,#000000,#000000
41,34,32,#000000,#000000
42,34,32,#000000,#000000
43,34,32,#000000,#000000
44,34,32,#000000,#000000
45,34,32,#000000,#000000
46,34,32,#000000,#000000
47,34,32,#000000,#000000
48,34,32,#000000,#000000
49,34,32,#000000,#000000
50,34,32,#000000,#000000
51,34,32,#000000,#000000
52,34,32,#000000,#000000
53,34,32,#000000,#000000
54,34,32,#000000,#000000
55,34,32,#000000,#000000
56,34,32,#000000,#000000
57,34,32,#000000,#000000
58,34,32,#000000,#000000
59,34,32,#000000,#000000
60,34,32,#000000,#000000
61,34,32,#000000,#000000
0,35,32,#000000,#000000
1,35,32,#000000,#000000
2,35,32,#000000,#000000
3,35,32,#000000,#000000
4,35,32,#000000,#000000
5,35,32,#000000,#000000
6,35,32,#000000,#000000
7,35,32,#000000,#000000
8,35,219,#23008C,#000000
9,35,219,#23008C,#000000
10,35,219,#23008C,#000000
11,35,219,#23008C,#000000
12,35,219,#23008C,#000000
13,35,32,#000000,#000000
14,35,32,#000000,#000000
15,35,32,#000000,#000000
16,35,32,#000000,#000000
17,35,32,#000000,#000000
18,35,219,#23008C,#000000
19,35,32,#000000,#000000
20,35,32,#000000,#000000
21,35,32,#000000,#000000
22,35,219,#23008C,#000000
23,35,219,#000000,#000000
24,35,219,#23008C,#000000
25,35,219,#23008C,#000000
26,35,219,#23008C,#000000
27,35,219,#000000,#000000
28,35,219,#23008C,#000000
29,35,32,#000000,#000000
30,35,32,#000000,#000000
31,35,32,#000000,#000000
32,35,32,#000000,#000000
33,35,32,#000000,#000000
34,35,32,#000000,#000000
35,35,32,#000000,#000000
36,35,32,#000000,#000000
37,35,32,#000000,#000000
38,35,32,#000000,#000000
39,35,32,#000000,#000000
40,35,32,#000000,#000000
41,35,32,#000000,#000000
42,35,32,#000000,#000000
43,35,32,#000000,#000000
44,35,32,#000000,#000000
45,35,32,#000000,#000000
46,35,32,#000000,#000000
47,35,32,#000000,#000000
48,35,32,#000000,#000000
49,35,32,#000000,#000000
50,35,32,#000000,#000000
51,35,32,#000000,#000000
52,35,32,#000000,#000000
53,35,32,#000000,#000000
54,35,32,#000000,#000000
55,35,32,#000000,#000000
56,35,32,#000000,#000000
57,35,32,#000000,#000000
58,35,32,#000000,#000000
59,35,32,#000000,#000000
60,35,32,#000000,#000000
61,35,32,#000000,#000000
0,36,32,#000000,#000000
1,36,32,#000000,#000000
2,36,32,#000000,#000000
3,36,32,#000000,#000000
4,36,32,#000000,#000000
5,36,32,#000000,#000000
6,36,32,#000000,#000000
7,36,32,#000000,#000000
8,36,32,#000000,#000000
9,36,219,#23008C,#000000
10,36,219,#23008C,#000000
11,36,219,#23008C,#000000
12,36,32,#000000,#000000
13,36,32,#000000,#000000
14,36,32,#000000,#000000
15,36,32,#000000,#000000
16,36,32,#000000,#000000
17,36,32,#000000,#000000
18,36,219,#23008C,#000000
19,36,32,#000000,#000000
20,36,32,#000000,#000000
21,36,32,#000000,#000000
22,36,219,#23008C,#000000
23,36,219,#23008C,#000000
24,36,219,#23008C,#000000
25,36,219,#23008C,#000000
26,36,219,#23008C,#000000
27,36,219,#23008C,#000000
28,36,219,#23008C,#000000
29,36,32,#000000,#000000
30,36,32,#000000,#000000
31,36,32,#000000,#000000
32,36,32,#000000,#000000
33,36,32,#000000,#000000
34,36,32,#000000,#000000
35,36,32,#000000,#000000
36,36,32,#000000,#000000
37,36,32,#000000,#000000
38,36,32,#000000,#000000
39,36,32,#000000,#000000
40,36,32,#000000,#000000
41,36,32,#000000,#000000
42,36,32,#000000,#000000
43,36,32,#000000,#000000
44,36,32,#000000,#000000
45,36,32,#000000,#000000
46,36,32,#000000,#000000
47,36,32,#000000,#000000
48,36,32,#000000,#000000
49,36,32,#000000,#000000
50,36,32,#000000,#000000
51,36,32,#000000,#000000
52,36,32,#000000,#000000
53,36,32,#000000,#000000
54,36,32,#000000,#000000
55,36,32,#000000,#000000
56,36,32,#000000,#000000
57,36,32,#000000,#000000
58,36,32,#000000,#000000
59,36,32,#000000,#000000
60,36,32,#000000,#000000
61,36,32,#000000,#000000
0,37,32,#000000,#000000
1,37,32,#000000,#000000
2,37,32,#000000,#000000
3,37,32,#000000,#000000
4,37,32,#000000,#000000
5,37,32,#000000,#000000
6,37,32,#000000,#000000
7,37,32,#000000,#000000
8,37,32,#000000,#000000
9,37,32,#000000,#000000
10,37,219,#23008C,#000000
11,37,32,#000000,#000000
12,37,32,#000000,#000000
13,37,32,#000000,#000000
14,37,32,#000000,#000000
15,37,32,#000000,#000000
16,37,32,#000000,#000000
17,37,32,#000000,#000000
18,37,219,#23008C,#000000
19,37,32,#000000,#000000
20,37,32,#000000,#000000
21,37,32,#000000,#000000
22,37,219,#23008C,#000000
23,37,219,#23008C,#000000
24,37,219,#23008C,#000000
25,37,219,#23008C,#000000
26,37,219,#23008C,#000000
27,37,219,#23008C,#000000
28,37,219,#23008C,#000000
29,37,32,#000000,#000000
30,37,32,#000000,#000000
31,37,32,#000000,#000000
32,37,32,#000000,#000000
33,37,32,#000000,#000000
34,37,32,#000000,#000000
35,37,32,#000000,#000000
36,37,32,#000000,#000000
37,37,32,#000000,#000000
38,37,32,#000000,#000000
39,37,32,#000000,#000000
40,37,32,#000000,#000000
41,37,32,#000000,#000000
42,37,32,#000000,#000000
43,37,32,#000000,#000000
44,37,32,#000000,#000000
45,37,32,#000000,#000000
46,37,32,#000000,#000000
47,37,32,#000000,#000000
48,37,32,#000000,#000000
49,37,32,#000000,#000000
50,37,32,#000000,#000000
51,37,32,#000000,#000000
52,37,32,#000000,#000000
53,37,32,#000000,#000000
54,37,32,#000000,#000000
55,37,32,#000000,#000000
56,37,32,#000000,#000000
57,37,32,#000000,#000000
58,37,32,#000000,#000000
59,37,32,#000000,#000000
60,37,32,#000000,#000000
61,37,32,#000000,#000000
0,38,32,#000000,#000000
1,38,32,#000000,#000000
2,38,32,#000000,#000000
3,38,32,#000000,#000000
4,38,32,#000000,#000000
5,38,32,#000000,#000000
6,38,32,#000000,#000000
7,38,32,#000000,#000000
8,38,32,#000000,#000000
9,38,219,#23008C,#000000
10,38,219,#23008C,#000000
11,38,219,#23008C,#000000
12,38,32,#000000,#000000
13,38,32,#000000,#000000
14,38,32,#000000,#000000
15,38,32,#000000,#000000
16,38,32,#000000,#000000
17,38,32,#000000,#000000
18,38,219,#23008C,#000000
19,38,32,#000000,#000000
20,38,32,#000000,#000000
21,38,32,#000000,#000000
22,38,32,#000000,#000000
23,38,32,#000000,#000000
24,38,32,#000000,#000000
25,38,219,#23008C,#000000
26,38,32,#000000,#000000
27,38,32,#000000,#000000
28,38,32,#000000,#000000
29,38,32,#000000,#000000
30,38,32,#000000,#000000
31,38,32,#000000,#000000
32,38,32,#000000,#000000
33,38,32,#000000,#000000
34,38,32,#000000,#000000
35,38,32,#000000,#000000
36,38,32,#000000,#000000
37,38,32,#000000,#000000
38,38,32,#000000,#000000
39,38,32,#000000,#000000
40,38,32,#000000,#000000
41,38,32,#000000,#000000
42,38,32,#000000,#000000
43,38,32,#000000,#000000
44,38,32,#000000,#000000
45,38,32,#000000,#000000
46,38,32,#000000,#000000
47,38,32,#000000,#000000
48,38,32,#000000,#000000
49,38,32,#000000,#000000
50,38,32,#000000,#000000
51,38,32,#000000,#000000
52,38,32,#000000,#000000
53,38,32,#000000,#000000
54,38,32,#000000,#000000
55,38,32,#000000,#000000
56,38,32,#000000,#000000
57,38,32,#000000,#000000
58,38,32,#000000,#000000
59,38,32,#000000,#000000
60,38,32,#000000,#000000
61,38,32,#000000,#000000
0,39,32,#000000,#000000
1,39,32,#000000,#000000
2,39,32,#000000,#000000
3,39,32,#000000,#000000
4,39,32,#000000,#000000
5,39,32,#000000,#000000
6,39,32,#000000,#000000
7,39,32,#000000,#000000
8,39,32,#000000,#000000
9,39,219,#23008C,#000000
10,39,219,#23008C,#000000
11,39,219,#23008C,#000000
12,39,32,#000000,#000000
13,39,32,#000000,#000000
14,39,32,#000000,#000000
15,39,32,#000000,#000000
16,39,32,#000000,#000000
17,39,219,#23008C,#000000
18,39,219,#23008C,#000000
19,39,219,#23008C,#000000
20,39,32,#000000,#000000
21,39,32,#000000,#000000
22,39,32,#000000,#000000
23,39,32,#000000,#000000
24,39,32,#000000,#000000
25,39,219,#23008C,#000000
26,39,32,#000000,#000000
27,39,32,#000000,#000000
28,39,32,#000000,#000000
29,39,32,#000000,#000000
30,39,32,#000000,#000000
31,39,32,#000000,#000000
32,39,32,#000000,#000000
33,39,32,#000000,#000000
34,39,32,#000000,#000000
35,39,32,#000000,#000000
36,39,32,#000000,#000000
37,39,32,#000000,#000000
38,39,32,#000000,#000000
39,39,32,#000000,#000000
40,39,32,#000000,#000000
41,39,32,#000000,#000000
42,39,32,#000000,#000000
43,39,32,#000000,#000000
44,39,32,#000000,#000000
45,39,32,#000000,#000000
46,39,32,#000000,#000000
47,39,32,#000000,#000000
48,39,32,#000000,#000000
49,39,32,#000000,#000000
50,39,32,#000000,#000000
51,39,32,#000000,#000000
52,39,32,#000000,#000000
53,39,32,#000000,#000000
54,39,32,#000000,#000000
55,39,32,#000000,#000000
56,39,32,#000000,#000000
57,39,32,#000000,#000000
58,39,32,#000000,#000000
59,39,32,#000000,#000000
60,39,32,#000000,#000000
61,39,32,#000000,#000000
0,40,32,#000000,#000000
1,40,32,#000000,#000000
2,40,32,#000000,#000000
3,40,32,#000000,#000000
4,40,32,#000000,#000000
5,40,32,#000000,#000000
6,40,32,#000000,#000000
7,40,32,#000000,#000000
8,40,32,#000000,#000000
9,40,32,#000000,#000000
10,40,219,#23008C,#000000
11,40,32,#000000,#000000
12,40,32,#000000,#000000
13,40,32,#000000,#000000
14,40,32,#000000,#000000
15,40,32,#000000,#000000
16,40,219,#23008C,#000000
17,40,219,#23008C,#000000
18,40,219,#23008C,#000000
19,40,219,#23008C,#000000
20,40,219,#23008C,#000000
21,40,219,#23008C,#000000
22,40,219,#23008C,#000000
23,40,219,#23008C,#000000
24,40,219,#23008C,#000000
25,40,219,#23008C,#000000
26,40,32,#000000,#000000
27,40,32,#000000,#000000
28,40,32,#000000,#000000
29,40,32,#000000,#000000
30,40,32,#000000,#000000
31,40,32,#000000,#000000
32,40,32,#000000,#000000
33,40,32,#000000,#000000
34,40,32,#000000,#000000
35,40,32,#000000,#000000
36,40,32,#000000,#000000
37,40,32,#000000,#000000
38,40,32,#000000,#000000
39,40,32,#000000,#000000
40,40,32,#000000,#000000
41,40,32,#000000,#000000
42,40,32,#000000,#000000
43,40,32,#000000,#000000
44,40,32,#000000,#000000
45,40,32,#000000,#000000
46,40,32,#000000,#000000
47,40,32,#000000,#000000
48,40,32,#000000,#000000
49,40,32,#000000,#000000
50,40,32,#000000,#000000
51,40,32,#000000,#000000
52,40,32,#000000,#000000
53,40,32,#000000,#000000
54,40,32,#000000,#000000
55,40,32,#000000,#000000
56,40,32,#000000,#000000
57,40,32,#000000,#000000
58,40,32,#000000,#000000
59,40,32,#000000,#000000
60,40,32,#000000,#000000
61,40,32,#000000,#000000
0,41,32,#000000,#000000
1,41,32,#000000,#000000
2,41,32,#000000,#000000
3,41,32,#000000,#000000
4,41,32,#000000,#000000
5,41,32,#000000,#000000
6,41,32,#000000,#000000
7,41,32,#000000,#000000
8,41,32,#000000,#000000
9,41,32,#000000,#000000
10,41,32,#000000,#000000
11,41,32,#000000,#000000
12,41,32,#000000,#000000
13,41,32,#000000,#000000
14,41,32,#000000,#000000
15,41,32,#000000,#000000
16,41,219,#23008C,#000000
17,41,219,#23008C,#000000
18,41,219,#23008C,#000000
19,41,219,#23008C,#000000
20,41,32,#000000,#000000
21,41,32,#000000,#000000
22,41,32,#000000,#000000
23,41,32,#000000,#000000
24,41,32,#000000,#000000
25,41,32,#000000,#000000
26,41,32,#000000,#000000
27,41,32,#000000,#000000
28,41,32,#000000,#000000
29,41,32,#000000,#000000
30,41,32,#000000,#000000
31,41,32,#000000,#000000
32,41,32,#000000,#000000
33,41,32,#000000,#000000
34,41,32,#000000,#000000
35,41,32,#000000,#000000
36,41,32,#000000,#000000
37,41,32,#000000,#000000
38,41,32,#000000,#000000
39,41,32,#000000,#000000
40,41,32,#000000,#000000
41,41,32,#000000,#000000
42,41,32,#000000,#000000
43,41,32,#000000,#000000
44,41,32,#000000,#000000
45,41,32,#000000,#000000
46,41,32,#000000,#000000
47,41,32,#000000,#000000
48,41,32,#000000,#000000
49,41,32,#000000,#000000
50,41,32,#000000,#000000
51,41,32,#000000,#000000
52,41,32,#000000,#000000
53,41,32,#000000,#000000
54,41,32,#000000,#000000
55,41,32,#000000,#000000
56,41,32,#000000,#000000
57,41,32,#000000,#000000
58,41,32,#000000,#000000
59,41,32,#000000,#000000
60,41,32,#000000,#000000
61,41,32,#000000,#000000
0,42,32,#000000,#000000
1,42,32,#000000,#000000
2,42,32,#000000,#000000
3,42,32,#000000,#000000
4,42,32,#000000,#000000
5,42,32,#000000,#000000
6,42,32,#000000,#000000
7,42,32,#000000,#000000
8,42,32,#000000,#000000
9,42,32,#000000,#000000
10,42,32,#000000,#000000
11,42,32,#000000,#000000
12,42,32,#000000,#000000
13,42,32,#000000,#000000
14,42,32,#000000,#000000
15,42,32,#000000,#000000
16,42,219,#23008C,#000000
17,42,219,#23008C,#000000
18,42,219,#23008C,#000000
19,42,32,#000000,#000000
20,42,32,#000000,#000000
21,42,32,#000000,#000000
22,42,32,#000000,#000000
23,42,32,#000000,#000000
24,42,32,#000000,#000000
25,42,32,#000000,#000000
26,42,32,#000000,#000000
27,42,32,#000000,#000000
28,42,32,#000000,#000000
29,42,32,#000000,#000000
30,42,32,#000000,#000000
31,42,32,#000000,#000000
32,42,32,#000000,#000000
33,42,32,#000000,#000000
34,42,32,#000000,#000000
35,42,32,#000000,#000000
36,42,32,#000000,#000000
37,42,32,#000000,#000000
38,42,32,#000000,#000000
39,42,32,#000000,#000000
40,42,32,#000000,#000000
41,42,32,#000000,#000000
42,42,32,#000000,#000000
43,42,32,#000000,#000000
44,42,32,#000000,#000000
45,42,32,#000000,#000000
46,42,32,#000000,#000000
47,42,32,#000000,#000000
48,42,32,#000000,#000000
49,42,32,#000000,#000000
50,42,32,#000000,#000000
51,42,32,#000000,#000000
52,42,32,#000000,#000000
53,42,32,#000000,#000000
54,42,32,#000000,#000000
55,42,32,#000000,#000000
56,42,32,#000000,#000000
57,42,32,#000000,#000000
58,42,32,#000000,#000000
59,42,32,#000000,#000000
60,42,32,#000000,#000000
61,42,32,#000000,#000000
0,43,32,#000000,#000000
1,43,32,#000000,#000000
2,43,32,#000000,#000000
3,43,32,#000000,#000000
4,43,32,#000000,#000000
5,43,32,#000000,#000000
6,43,32,#000000,#000000
7,43,32,#000000,#000000
8,43,32,#000000,#000000
9,43,32,#000000,#000000
10,43,32,#000000,#000000
11,43,32,#000000,#000000
12,43,32,#000000,#000000
13,43,32,#000000,#000000
14,43,32,#000000,#000000
15,43,32,#000000,#000000
16,43,32,#000000,#000000
17,43,32,#000000,#000000
18,43,32,#000000,#000000
19,43,32,#000000,#000000
20,43,32,#000000,#000000
21,43,32,#000000,#000000
22,43,32,#000000,#000000
23,43,32,#000000,#000000
24,43,32,#000000,#000000
25,43,32,#000000,#000000
26,43,32,#000000,#000000
27,43,32,#000000,#000000
28,43,32,#000000,#000000
29,43,32,#000000,#000000
30,43,32,#000000,#000000
31,43,32,#000000,#000000
32,43,32,#000000,#000000
33,43,32,#000000,#000000
34,43,32,#000000,#000000
35,43,32,#000000,#000000
36,43,32,#000000,#000000
37,43,32,#000000,#000000
38,43,32,#000000,#000000
39,43,32,#000000,#000000
40,43,32,#000000,#000000
41,43,32,#000000,#000000
42,43,32,#000000,#000000
43,43,32,#000000,#000000
44,43,32,#000000,#000000
45,43,32,#000000,#000000
46,43,32,#000000,#000000
47,43,32,#000000,#000000
48,43,32,#000000,#000000
49,43,32,#000000,#000000
50,43,32,#000000,#000000
51,43,32,#000000,#000000
52,43,32,#000000,#000000
53,43,32,#000000,#000000
54,43,32,#000000,#000000
55,43,32,#000000,#000000
56,43,32,#000000,#000000
57,43,32,#000000,#000000
58,43,32,#000000,#000000
59,43,32,#000000,#000000
60,43,32,#000000,#000000
61,43,32,#000000,#000000
0,44,32,#000000,#000000
1,44,32,#000000,#000000
2,44,32,#000000,#000000
3,44,32,#000000,#000000
4,44,32,#000000,#000000
5,44,32,#000000,#000000
6,44,32,#000000,#000000
7,44,32,#000000,#000000
8,44,32,#000000,#000000
9,44,32,#000000,#000000
10,44,32,#000000,#000000
11,44,32,#000000,#000000
12,44,32,#000000,#000000
13,44,32,#000000,#000000
14,44,32,#000000,#000000
15,44,32,#000000,#000000
16,44,32,#000000,#000000
17,44,32,#000000,#000000
18,44,32,#000000,#000000
19,44,32,#000000,#000000
20,44,32,#000000,#000000
21,44,32,#000000,#000000
22,44,32,#000000,#000000
23,44,32,#000000,#000000
24,44,32,#000000,#000000
25,44,32,#000000,#000000
26,44,32,#000000,#000000
27,44,32,#000000,#000000
28,44,32,#000000,#000000
29,44,32,#000000,#000000
30,44,32,#000000,#000000
31,44,32,#000000,#000000
32,44,32,#000000,#000000
33,44,32,#000000,#000000
34,44,32,#000000,#000000
35,44,32,#000000,#000000
36,44,32,#000000,#000000
37,44,32,#000000,#000000
38,44,32,#000000,#000000
39,44,32,#000000,#000000
40,44,32,#000000,#000000
41,44,32,#000000,#000000
42,44,32,#000000,#000000
43,44,32,#000000,#000000
44,44,32,#000000,#000000
45,44,32,#000000,#000000
46,44,32,#000000,#000000
47,44,32,#000000,#000000
48,44,32,#000000,#000000
49,44,32,#000000,#000000
50,44,32,#000000,#000000
51,44,32,#000000,#000000
52,44,32,#000000,#000000
53,44,32,#000000,#000000
54,44,32,#000000,#000000
55,44,32,#000000,#000000
56,44,32,#000000,#000000
57,44,32,#000000,#000000
58,44,32,#000000,#000000
59,44,32,#000000,#000000
60,44,32,#000000,#000000
61,44,32,#000000,#000000
0,45,32,#000000,#000000
1,45,32,#000000,#000000
2,45,32,#000000,#000000
3,45,32,#000000,#000000
4,45,32,#000000,#000000
5,45,32,#000000,#000000
6,45,32,#000000,#000000
7,45,32,#000000,#000000
8,45,32,#000000,#000000
9,45,32,#000000,#000000
10,45,32,#000000,#000000
11,45,32,#000000,#000000
12,45,32,#000000,#000000
13,45,32,#000000,#000000
14,45,32,#000000,#000000
15,45,32,#000000,#000000
16,45,32,#000000,#000000
17,45,32,#000000,#000000
18,45,32,#000000,#000000
19,45,32,#000000,#000000
20,45,32,#000000,#000000
21,45,32,#000000,#000000
22,45,32,#000000,#000000
23,45,32,#000000,#000000
24,45,32,#000000,#000000
25,45,32,#000000,#000000
26,45,32,#000000,#000000
27,45,32,#000000,#000000
28,45,32,#000000,#000000
29,45,32,#000000,#000000
30,45,32,#000000,#000000
31,45,32,#000000,#000000
32,45,32,#000000,#000000
33,45,32,#000000,#000000
34,45,32,#000000,#000000
35,45,32,#000000,#000000
36,45,32,#000000,#000000
37,45,32,#000000,#000000
38,45,32,#000000,#000000
39,45,32,#000000,#000000
40,45,32,#000000,#000000
41,45,32,#000000,#000000
42,45,32,#000000,#000000
43,45,32,#000000,#000000
44,45,32,#000000,#000000
45,45,32,#000000,#000000
46,45,32,#000000,#000000
47,45,32,#000000,#000000
48,45,32,#000000,#000000
49,45,32,#000000,#000000
50,45,32,#000000,#000000
51,45,32,#000000,#000000
52,45,32,#000000,#000000
53,45,32,#000000,#000000
54,45,32,#000000,#000000
55,45,32,#000000,#000000
56,45,32,#000000,#000000
57,45,32,#000000,#000000
58,45,32,#000000,#000000
59,45,32,#000000,#000000
60,45,32,#000000,#000000
61,45,32,#000000,#000000
0,46,32,#000000,#000000
1,46,32,#000000,#000000
2,46,32,#000000,#000000
3,46,32,#000000,#000000
4,46,32,#000000,#000000
5,46,32,#000000,#000000
6,46,32,#000000,#000000
7,46,32,#000000,#000000
8,46,32,#000000,#000000
9,46,32,#000000,#000000
10,46,32,#000000,#000000
11,46,32,#000000,#000000
12,46,32,#000000,#000000
13,46,32,#000000,#000000
14,46,32,#000000,#000000
15,46,32,#000000,#000000
16,46,32,#000000,#000000
17,46,32,#000000,#000000
18,46,32,#000000,#000000
19,46,32,#000000,#000000
20,46,32,#000000,#000000
21,46,32,#000000,#000000
22,46,32,#000000,#000000
23,46,32,#000000,#000000
24,46,32,#000000,#000000
25,46,32,#000000,#000000
26,46,32,#000000,#000000
27,46,32,#000000,#000000
28,46,32,#000000,#000000
29,46,32,#000000,#000000
30,46,32,#000000,#000000
31,46,32,#000000,#000000
32,46,32,#000000,#000000
33,46,32,#000000,#000000
34,46,32,#000000,#000000
35,46,32,#000000,#000000
36,46,32,#000000,#000000
37,46,32,#000000,#000000
38,46,32,#000000,#000000
39,46,32,#000000,#000000
40,46,32,#000000,#000000
41,46,32,#000000,#000000
42,46,32,#000000,#000000
43,46,32,#000000,#000000
44,46,32,#000000,#000000
45,46,32,#000000,#000000
46,46,32,#000000,#000000
47,46,32,#000000,#000000
48,46,32,#000000,#000000
49,46,32,#000000,#000000
50,46,32,#000000,#000000
51,46,32,#000000,#000000
52,46,32,#000000,#000000
53,46,32,#000000,#000000
54,46,32,#000000,#000000
55,46,32,#000000,#000000
56,46,32,#000000,#000000
57,46,32,#000000,#000000
58,46,32,#000000,#000000
59,46,32,#000000,#000000
60,46,32,#000000,#000000
61,46,32,#000000,#000000
0,47,32,#000000,#000000
1,47,32,#000000,#000000
2,47,32,#000000,#000000
3,47,32,#000000,#000000
4,47,32,#000000,#000000
5,47,32,#000000,#000000
6,47,32,#000000,#000000
7,47,32,#000000,#000000
8,47,32,#000000,#000000
9,47,32,#000000,#000000
10,47,32,#000000,#000000
11,47,32,#000000,#000000
12,47,32,#000000,#000000
13,47,32,#000000,#000000
14,47,32,#000000,#000000
15,47,32,#000000,#000000
16,47,32,#000000,#000000
17,47,32,#000000,#000000
18,47,32,#000000,#000000
19,47,32,#000000,#000000
20,47,32,#000000,#000000
21,47,32,#000000,#000000
22,47,32,#000000,#000000
23,47,32,#000000,#000000
24,47,32,#000000,#000000
25,47,32,#000000,#000000
26,47,32,#000000,#000000
27,47,32,#000000,#000000
28,47,32,#000000,#000000
29,47,32,#000000,#000000
30,47,32,#000000,#000000
31,47,32,#000000,#000000
32,47,32,#000000,#000000
33,47,32,#000000,#000000
34,47,32,#000000,#000000
35,47,32,#000000,#000000
36,47,32,#000000,#000000
37,47,32,#000000,#000000
38,47,32,#000000,#000000
39,47,32,#000000,#000000
40,47,32,#000000,#000000
41,47,32,#000000,#000000
42,47,32,#000000,#000000
43,47,32,#000000,#000000
44,47,32,#000000,#000000
45,47,32,#000000,#000000
46,47,32,#000000,#000000
47,47,32,#000000,#000000
48,47,32,#000000,#000000
49,47,32,#000000,#000000
50,47,32,#000000,#000000
51,47,32,#000000,#000000
52,47,32,#000000,#000000
53,47,32,#000000,#000000
54,47,32,#000000,#000000
55,47,32,#000000,#000000
56,47,32,#000000,#000000
57,47,32,#000000,#000000
58,47,32,#000000,#000000
59,47,32,#000000,#000000
60,47,32,#000000,#000000
61,47,32,#000000,#000000
0,48,32,#000000,#000000
1,48,32,#000000,#000000
2,48,32,#000000,#000000
3,48,32,#000000,#000000
4,48,32,#000000,#000000
5,48,32,#000000,#000000
6,48,32,#000000,#000000
7,48,32,#000000,#000000
8,48,32,#000000,#000000
9,48,32,#000000,#000000
10,48,32,#000000,#000000
11,48,32,#000000,#000000
12,48,32,#000000,#000000
13,48,32,#000000,#000000
14,48,32,#000000,#000000
15,48,32,#000000,#000000
16,48,32,#000000,#000000
17,48,32,#000000,#000000
18,48,32,#000000,#000000
19,48,32,#000000,#000000
20,48,32,#000000,#000000
21,48,32,#000000,#000000
22,48,32,#000000,#000000
23,48,32,#000000,#000000
24,48,32,#000000,#000000
25,48,32,#000000,#000000
26,48,32,#000000,#000000
27,48,32,#000000,#000000
28,48,32,#000000,#000000
29,48,32,#000000,#000000
30,48,32,#000000,#000000
31,48,32,#000000,#000000
32,48,32,#000000,#000000
33,48,32,#000000,#000000
34,48,32,#000000,#000000
35,48,32,#000000,#000000
36,48,32,#000000,#000000
37,48,32,#000000,#000000
38,48,32,#000000,#000000
39,48,32,#000000,#000000
40,48,32,#000000,#000000
41,48,32,#000000,#000000
42,48,32,#000000,#000000
43,48,32,#000000,#000000
44,48,32,#000000,#000000
45,48,32,#000000,#000000
46,48,32,#000000,#000000
47,48,32,#000000,#000000
48,48,32,#000000,#000000
49,48,32,#000000,#000000
50,48,32,#000000,#000000
51,48,32,#000000,#000000
52,48,32,#000000,#000000
53,48,32,#000000,#000000
54,48,32,#000000,#000000
55,48,32,#000000,#000000
56,48,32,#000000,#000000
57,48,32,#000000,#000000
58,48,32,#000000,#000000
59,48,32,#000000,#000000
60,48,32,#000000,#000000
61,48,32,#000000,#000000
0,49,32,#000000,#000000
1,49,32,#000000,#000000
2,49,32,#000000,#000000
3,49,32,#000000,#000000
4,49,32,#000000,#000000
5,49,32,#000000,#000000
6,49,32,#000000,#000000
7,49,32,#000000,#000000
8,49,32,#000000,#000000
9,49,32,#000000,#000000
10,49,32,#000000,#000000
11,49,32,#000000,#000000
12,49,32,#000000,#000000
13,49,32,#000000,#000000
14,49,32,#000000,#000000
15,49,32,#000000,#000000
16,49,32,#000000,#000000
17,49,32,#000000,#000000
18,49,32,#000000,#000000
19,49,32,#000000,#000000
20,49,32,#000000,#000000
21,49,32,#000000,#000000
22,49,32,#000000,#000000
23,49,32,#000000,#000000
24,49,32,#000000,#000000
25,49,32,#000000,#000000
26,49,32,#000000,#000000
27,49,32,#000000,#000000
28,49,32,#000000,#000000
29,49,32,#000000,#000000
30,49,32,#000000,#000000
31,49,32,#000000,#000000
32,49,32,#000000,#000000
33,49,32,#000000,#000000
34,49,32,#000000,#000000
35,49,32,#000000,#000000
36,49,32,#000000,#000000
37,49,32,#000000,#000000
38,49,32,#000000,#000000
39,49,32,#000000,#000000
40,49,32,#000000,#000000
41,49,32,#000000,#000000
42,49,32,#000000,#000000
43,49,32,#000000,#000000
44,49,32,#000000,#000000
45,49,32,#000000,#000000
46,49,32,#000000,#000000
47,49,32,#000000,#000000
48,49,32,#000000,#000000
49,49,32,#000000,#000000
50,49,32,#000000,#000000
51,49,32,#000000,#000000
52,49,32,#000000,#000000
53,49,32,#000000,#000000
54,49,32,#000000,#000000
55,49,32,#000000,#000000
56,49,32,#000000,#000000
57,49,32,#000000,#000000
58,49,32,#000000,#000000
59,49,32,#000000,#000000
60,49,32,#000000,#000000
61,49,32,#000000,#000000
0,50,32,#000000,#000000
1,50,32,#000000,#000000
2,50,32,#000000,#000000
3,50,32,#000000,#000000
4,50,32,#000000,#000000
5,50,32,#000000,#000000
6,50,32,#000000,#000000
7,50,32,#000000,#000000
8,50,32,#000000,#000000
9,50,32,#000000,#000000
10,50,32,#000000,#000000
11,50,32,#000000,#000000
12,50,32,#000000,#000000
13,50,32,#000000,#000000
14,50,32,#000000,#000000
15,50,32,#000000,#000000
16,50,32,#000000,#000000
17,50,32,#000000,#000000
18,50,32,#000000,#000000
19,50,32,#000000,#000000
20,50,32,#000000,#000000
21,50,32,#000000,#000000
22,50,32,#000000,#000000
23,50,32,#000000,#000000
24,50,32,#000000,#000000
25,50,32,#000000,#000000
26,50,32,#000000,#000000
27,50,32,#000000,#000000
28,50,32,#000000,#000000
29,50,32,#000000,#000000
30,50,32,#000000,#000000
31,50,32,#000000,#000000
32,50,32,#000000,#000000
33,50,32,#000000,#000000
34,50,32,#000000,#000000
35,50,32,#000000,#000000
36,50,32,#000000,#000000
37,50,32,#000000,#000000
38,50,32,#000000,#000000
39,50,32,#000000,#000000
40,50,32,#000000,#000000
41,50,32,#000000,#000000
42,50,32,#000000,#000000
43,50,32,#000000,#000000
44,50,32,#000000,#000000
45,50,32,#000000,#000000
46,50,32,#000000,#000000
47,50,32,#000000,#000000
48,50,32,#000000,#000000
49,50,32,#000000,#000000
50,50,32,#000000,#000000
51,50,32,#000000,#000000
52,50,32,#000000,#000000
53,50,32,#000000,#000000
54,50,32,#000000,#000000
55,50,32,#000000,#000000
56,50,32,#000000,#000000
57,50,32,#000000,#000000
58,50,32,#000000,#000000
59,50,32,#000000,#000000
60,50,32,#000000,#000000
61,50,32,#000000,#000000
0,51,32,#000000,#000000
1,51,32,#000000,#000000
2,51,32,#000000,#000000
3,51,32,#000000,#000000
4,51,32,#000000,#000000
5,51,32,#000000,#000000
6,51,32,#000000,#000000
7,51,32,#000000,#000000
8,51,32,#000000,#000000
9,51,32,#000000,#000000
10,51,32,#000000,#000000
11,51,32,#000000,#000000
12,51,32,#000000,#000000
13,51,32,#000000,#000000
14,51,32,#000000,#000000
15,51,32,#000000,#000000
16,51,32,#000000,#000000
17,51,32,#000000,#000000
18,51,32,#000000,#000000
19,51,32,#000000,#000000
20,51,32,#000000,#000000
21,51,32,#000000,#000000
22,51,32,#000000,#000000
23,51,32,#000000,#000000
24,51,32,#000000,#000000
25,51,32,#000000,#000000
26,51,32,#000000,#000000
27,51,32,#000000,#000000
28,51,32,#000000,#000000
29,51,32,#000000,#000000
30,51,32,#000000,#000000
31,51,32,#000000,#000000
32,51,32,#000000,#000000
33,51,32,#000000,#000000
34,51,32,#000000,#000000
35,51,32,#000000,#000000
36,51,32,#000000,#000000
37,51,32,#000000,#000000
38,51,32,#000000,#000000
39,51,32,#000000,#000000
40,51,32,#000000,#000000
41,51,32,#000000,#000000
42,51,32,#000000,#000000
43,51,32,#000000,#000000
44,51,32,#000000,#000000
45,51,32,#000000,#000000
46,51,32,#000000,#000000
47,51,32,#000000,#000000
48,51,32,#000000,#000000
49,51,32,#000000,#000000
50,51,32,#000000,#000000
51,51,32,#000000,#000000
52,51,32,#000000,#000000
53,51,32,#000000,#000000
54,51,32,#000000,#000000
55,51,32,#000000,#000000
56,51,32,#000000,#000000
57,51,32,#000000,#000000
58,51,32,#000000,#000000
59,51,32,#000000,#000000
60,51,32,#000000,#000000
61,51,32,#000000,#000000
0,52,32,#000000,#000000
1,52,32,#000000,#000000
2,52,32,#000000,#000000
3,52,32,#000000,#000000
4,52,32,#000000,#000000
5,52,32,#000000,#000000
6,52,32,#000000,#000000
7,52,32,#000000,#000000
8,52,32,#000000,#000000
9,52,32,#000000,#000000
10,52,32,#000000,#000000
11,52,32,#000000,#000000
12,52,32,#000000,#000000
13,52,32,#000000,#000000
14,52,32,#000000,#000000
15,52,32,#000000,#000000
16,52,32,#000000,#000000
17,52,32,#000000,#000000
18,52,32,#000000,#000000
19,52,32,#000000,#000000
20,52,32,#000000,#000000
21,52,32,#000000,#000000
22,52,32,#000000,#000000
23,52,32,#000000,#000000
24,52,32,#000000,#000000
25,52,32,#000000,#000000
26,52,32,#000000,#000000
27,52,32,#000000,#000000
28,52,32,#000000,#000000
29,52,32,#000000,#000000
30,52,32,#000000,#000000
31,52,32,#000000,#000000
32,52,32,#000000,#000000
33,52,32,#000000,#000000
34,52,32,#000000,#000000
35,52,32,#000000,#000000
36,52,32,#000000,#000000
37,52,32,#000000,#000000
38,52,32,#000000,#000000
39,52,32,#000000,#000000
40,52,32,#000000,#000000
41,52,32,#000000,#000000
42,52,32,#000000,#000000
43,52,32,#000000,#000000
44,52,32,#000000,#000000
45,52,32,#000000,#000000
46,52,32,#000000,#000000
47,52,32,#000000,#000000
48,52,32,#000000,#000000
49,52,32,#000000,#000000
50,52,32,#000000,#000000
51,52,32,#000000,#000000
52,52,32,#000000,#000000
53,52,32,#000000,#000000
54,52,32,#000000,#000000
55,52,32,#000000,#000000
56,52,32,#000000,#000000
57,52,32,#000000,#000000
58,52,32,#000000,#000000
59,52,32,#000000,#000000
60,52,32,#000000,#000000
61,52,32,#000000,#000000
0,53,32,#000000,#000000
1,53,32,#000000,#000000
2,53,32,#000000,#000000
3,53,32,#000000,#000000
4,53,32,#000000,#000000
5,53,32,#000000,#000000
6,53,32,#000000,#000000
7,53,32,#000000,#000000
8,53,32,#000000,#000000
9,53,32,#000000,#000000
10,53,32,#000000,#000000
11,53,32,#000000,#000000
12,53,32,#000000,#000000
13,53,32,#000000,#000000
14,53,32,#000000,#000000
15,53,32,#000000,#000000
16,53,32,#000000,#000000
17,53,32,#000000,#000000
18,53,32,#000000,#000000
19,53,32,#000000,#000000
20,53,32,#000000,#000000
21,53,32,#000000,#000000
22,53,32,#000000,#000000
23,53,32,#000000,#000000
24,53,32,#000000,#000000
25,53,32,#000000,#000000
26,53,32,#000000,#000000
27,53,32,#000000,#000000
28,53,32,#000000,#000000
29,53,32,#000000,#000000
30,53,32,#000000,#000000
31,53,32,#000000,#000000
32,53,32,#000000,#000000
33,53,32,#000000,#000000
34,53,32,#000000,#000000
35,53,32,#000000,#000000
36,53,32,#000000,#000000
37,53,32,#000000,#000000
38,53,32,#000000,#000000
39,53,32,#000000,#000000
40,53,32,#000000,#000000
41,53,32,#000000,#000000
42,53,32,#000000,#000000
43,53,32,#000000,#000000
44,53,32,#000000,#000000
45,53,32,#000000,#000000
46,53,32,#000000,#000000
47,53,32,#000000,#000000
48,53,32,#000000,#000000
49,53,32,#000000,#000000
50,53,32,#000000,#000000
51,53,32,#000000,#000000
52,53,32,#000000,#000000
53,53,32,#000000,#000000
54,53,32,#000000,#000000
55,53,32,#000000,#000000
56,53,32,#000000,#000000
57,53,32,#000000,#000000
58,53,32,#000000,#000000
59,53,32,#000000,#000000
60,53,32,#000000,#000000
61,53,32,#000000,#000000
0,54,32,#000000,#000000
1,54,32,#000000,#000000
2,54,32,#000000,#000000
3,54,32,#000000,#000000
4,54,32,#000000,#000000
5,54,32,#000000,#000000
6,54,32,#000000,#000000
7,54,32,#000000,#000000
8,54,32,#000000,#000000
9,54,32,#000000,#000000
10,54,32,#000000,#000000
11,54,32,#000000,#000000
12,54,32,#000000,#000000
13,54,32,#000000,#000000
14,54,32,#000000,#000000
15,54,32,#000000,#000000
16,54,32,#000000,#000000
17,54,32,#000000,#000000
18,54,32,#000000,#000000
19,54,32,#000000,#000000
20,54,32,#000000,#000000
21,54,32,#000000,#000000
22,54,32,#000000,#000000
23,54,32,#000000,#000000
24,54,32,#000000,#000000
25,54,32,#000000,#000000
26,54,32,#000000,#000000
27,54,32,#000000,#000000
28,54,32,#000000,#000000
29,54,32,#000000,#000000
30,54,32,#000000,#000000
31,54,32,#000000,#000000
32,54,32,#000000,#000000
33,54,32,#000000,#000000
34,54,32,#000000,#000000
35,54,32,#000000,#000000
36,54,32,#000000,#000000
37,54,32,#000000,#000000
38,54,32,#000000,#000000
39,54,32,#000000,#000000
40,54,32,#000000,#000000
41,54,32,#000000,#000000
42,54,32,#000000,#000000
43,54,32,#000000,#000000
44,54,32,#000000,#000000
45,54,32,#000000,#000000
46,54,32,#000000,#000000
47,54,32,#000000,#000000
48,54,32,#000000,#000000
49,54,32,#000000,#000000
50,54,32,#000000,#000000
51,54,32,#000000,#000000
52,54,32,#000000,#000000
53,54,32,#000000,#000000
54,54,32,#000000,#000000
55,54,32,#000000,#000000
56,54,32,#000000,#000000
57,54,32,#000000,#000000
58,54,32,#000000,#000000
59,54,32,#000000,#000000
60,54,32,#000000,#000000
61,54,32,#000000,#000000
0,55,32,#000000,#000000
1,55,32,#000000,#000000
2,55,32,#000000,#000000
3,55,32,#000000,#000000
4,55,32,#000000,#000000
5,55,32,#000000,#000000
6,55,32,#000000,#000000
7,55,32,#000000,#000000
8,55,32,#000000,#000000
9,55,32,#000000,#000000
10,55,32,#000000,#000000
11,55,32,#000000,#000000
12,55,32,#000000,#000000
13,55,32,#000000,#000000
14,55,32,#000000,#000000
15,55,32,#000000,#000000
16,55,32,#000000,#000000
17,55,32,#000000,#000000
18,55,32,#000000,#000000
19,55,32,#000000,#000000
20,55,32,#000000,#000000
21,55,32,#000000,#000000
22,55,32,#000000,#000000
23,55,32,#000000,#000000
24,55,32,#000000,#000000
25,55,32,#000000,#000000
26,55,32,#000000,#000000
27,55,32,#000000,#000000
28,55,32,#000000,#000000
29,55,32,#000000,#000000
30,55,32,#000000,#000000
31,55,32,#000000,#000000
32,55,32,#000000,#000000
33,55,32,#000000,#000000
34,55,32,#000000,#000000
35,55,32,#000000,#000000
36,55,32,#000000,#000000
37,55,32,#000000,#000000
38,55,32,#000000,#000000
39,55,32,#000000,#000000
40,55,32,#000000,#000000
41,55,32,#000000,#000000
42,55,32,#000000,#000000
43,55,32,#000000,#000000
44,55,32,#000000,#000000
45,55,32,#000000,#000000
46,55,32,#000000,#000000
47,55,32,#000000,#000000
48,55,32,#000000,#000000
49,55,32,#000000,#000000
50,55,32,#000000,#000000
51,55,32,#000000,#000000
52,55,32,#000000,#000000
53,55,32,#000000,#000000
54,55,32,#000000,#000000
55,55,32,#000000,#000000
56,55,32,#000000,#000000
57,55,32,#000000,#000000
58,55,32,#000000,#000000
59,55,32,#000000,#000000
60,55,32,#000000,#000000
61,55,32,#000000,#000000
0,56,32,#000000,#000000
1,56,32,#000000,#000000
2,56,32,#000000,#000000
3,56,32,#000000,#000000
4,56,32,#000000,#000000
5,56,32,#000000,#000000
6,56,32,#000000,#000000
7,56,32,#000000,#000000
8,56,32,#000000,#000000
9,56,32,#000000,#000000
10,56,32,#000000,#000000
11,56,32,#000000,#000000
12,56,32,#000000,#000000
13,56,32,#000000,#000000
14,56,32,#000000,#000000
15,56,32,#000000,#000000
16,56,32,#000000,#000000
17,56,32,#000000,#000000
18,56,32,#000000,#000000
19,56,32,#000000,#000000
20,56,32,#000000,#000000
21,56,32,#000000,#000000
22,56,32,#000000,#000000
23,56,32,#000000,#000000
24,56,32,#000000,#000000
25,56,32,#000000,#000000
26,56,32,#000000,#000000
27,56,32,#000000,#000000
28,56,32,#000000,#000000
29,56,32,#000000,#000000
30,56,32,#000000,#000000
31,56,32,#000000,#000000
32,56,32,#000000,#000000
33,56,32,#000000,#000000
34,56,32,#000000,#000000
35,56,32,#000000,#000000
36,56,32,#000000,#000000
37,56,32,#000000,#000000
38,56,32,#000000,#000000
39,56,32,#000000,#000000
40,56,32,#000000,#000000
41,56,32,#000000,#000000
42,56,32,#000000,#000000
43,56,32,#000000,#000000
44,56,32,#000000,#000000
45,56,32,#000000,#000000
46,56,32,#000000,#000000
47,56,32,#000000,#000000
48,56,32,#000000,#000000
49,56,32,#000000,#000000
50,56,32,#000000,#000000
51,56,32,#000000,#000000
52,56,32,#000000,#000000
53,56,32,#000000,#000000
54,56,32,#000000,#000000
55,56,32,#000000,#000000
56,56,32,#000000,#000000
57,56,32,#000000,#000000
58,56,32,#000000,#000000
59,56,32,#000000,#000000
60,56,32,#000000,#000000
61,56,32,#000000,#000000
0,57,32,#000000,#000000
1,57,32,#000000,#000000
2,57,32,#000000,#000000
3,57,32,#000000,#000000
4,57,32,#000000,#000000
5,57,32,#000000,#000000
6,57,32,#000000,#000000
7,57,32,#000000,#000000
8,57,32,#000000,#000000
9,57,32,#000000,#000000
10,57,32,#000000,#000000
11,57,32,#000000,#000000
12,57,32,#000000,#000000
13,57,32,#000000,#000000
14,57,32,#000000,#000000
15,57,32,#000000,#000000
16,57,32,#000000,#000000
17,57,32,#000000,#000000
18,57,32,#000000,#000000
19,57,32,#000000,#000000
20,57,32,#000000,#000000
21,57,32,#000000,#000000
22,57,32,#000000,#000000
23,57,32,#000000,#000000
24,57,32,#000000,#000000
25,57,32,#000000,#000000
26,57,32,#000000,#000000
27,57,32,#000000,#000000
28,57,32,#000000,#000000
29,57,32,#000000,#000000
30,57,32,#000000,#000000
31,57,32,#000000,#000000
32,57,32,#000000,#000000
33,57,32,#000000,#000000
34,57,32,#000000,#000000
35,57,32,#000000,#000000
36,57,32,#000000,#000000
37,57,32,#000000,#000000
38,57,32,#000000,#000000
39,57,32,#000000,#000000
40,57,32,#000000,#000000
41,57,32,#000000,#000000
42,57,32,#000000,#000000
43,57,32,#000000,#000000
44,57,32,#000000,#000000
45,57,32,#000000,#000000
46,57,32,#000000,#000000
47,57,32,#000000,#000000
48,57,32,#000000,#000000
49,57,32,#000000,#000000
50,57,32,#000000,#000000
51,57,32,#000000,#000000
52,57,32,#000000,#000000
53,57,32,#000000,#000000
54,57,32,#000000,#000000
55,57,32,#000000,#000000
56,57,32,#000000,#000000
57,57,32,#000000,#000000
58,57,32,#000000,#000000
59,57,32,#000000,#000000
60,57,32,#000000,#000000
61,57,32,#000000,#000000
0,58,32,#000000,#000000
1,58,32,#000000,#000000
2,58,32,#000000,#000000
3,58,32,#000000,#000000
4,58,32,#000000,#000000
5,58,32,#000000,#000000
6,58,32,#000000,#000000
7,58,32,#000000,#000000
8,58,32,#000000,#000000
9,58,32,#000000,#000000
10,58,32,#000000,#000000
11,58,32,#000000,#000000
12,58,32,#000000,#000000
13,58,32,#000000,#000000
14,58,32,#000000,#000000
15,58,32,#000000,#000000
16,58,32,#000000,#000000
17,58,32,#000000,#000000
18,58,32,#000000,#000000
19,58,32,#000000,#000000
20,58,32,#000000,#000000
21,58,32,#000000,#000000
22,58,32,#000000,#000000
23,58,32,#000000,#000000
24,58,32,#000000,#000000
25,58,32,#000000,#000000
26,58,32,#000000,#000000
27,58,32,#000000,#000000
28,58,32,#000000,#000000
29,58,32,#000000,#000000
30,58,32,#000000,#000000
31,58,32,#000000,#000000
32,58,32,#000000,#000000
33,58,32,#000000,#000000
34,58,32,#000000,#000000
35,58,32,#000000,#000000
36,58,32,#000000,#000000
37,58,32,#000000,#000000
38,58,32,#000000,#000000
39,58,32,#000000,#000000
40,58,32,#000000,#000000
41,58,32,#000000,#000000
42,58,32,#000000,#000000
43,58,32,#000000,#000000
44,58,32,#000000,#000000
45,58,32,#000000,#000000
46,58,32,#000000,#000000
47,58,32,#000000,#000000
48,58,32,#000000,#000000
49,58,32,#000000,#000000
50,58,32,#000000,#000000
51,58,32,#000000,#000000
52,58,32,#000000,#000000
53,58,32,#000000,#000000
54,58,32,#000000,#000000
55,58,32,#000000,#000000
56,58,32,#000000,#000000
57,58,32,#000000,#000000
58,58,32,#000000,#000000
59,58,32,#000000,#000000
60,58,32,#000000,#000000
61,58,32,#000000,#000000
0,59,32,#000000,#000000
1,59,32,#000000,#000000
2,59,32,#000000,#000000
3,59,32,#000000,#000000
4,59,32,#000000,#000000
5,59,32,#000000,#000000
6,59,32,#000000,#000000
7,59,32,#000000,#000000
8,59,32,#000000,#000000
9,59,32,#000000,#000000
10,59,32,#000000,#000000
11,59,32,#000000,#000000
12,59,32,#000000,#000000
13,59,32,#000000,#000000
14,59,32,#000000,#000000
15,59,32,#000000,#000000
16,59,32,#000000,#000000
17,59,32,#000000,#000000
18,59,32,#000000,#000000
19,59,32,#000000,#000000
20,59,32,#000000,#000000
21,59,32,#000000,#000000
22,59,32,#000000,#000000
23,59,32,#000000,#000000
24,59,32,#000000,#000000
25,59,32,#000000,#000000
26,59,32,#000000,#000000
27,59,32,#000000,#000000
28,59,32,#000000,#000000
29,59,32,#000000,#000000
30,59,32,#000000,#000000
31,59,32,#000000,#000000
32,59,32,#000000,#000000
33,59,32,#000000,#000000
34,59,32,#000000,#000000
35,59,32,#000000,#000000
36,59,32,#000000,#000000
37,59,32,#000000,#000000
38,59,32,#000000,#000000
39,59,32,#000000,#000000
40,59,32,#000000,#000000
41,59,32,#000000,#000000
42,59,32,#000000,#000000
43,59,32,#000000,#000000
44,59,32,#000000,#000000
45,59,32,#000000,#000000
46,59,32,#000000,#000000
47,59,32,#000000,#000000
48,59,32,#000000,#000000
49,59,32,#000000,#000000
50,59,32,#000000,#000000
51,59,32,#000000,#000000
52,59,32,#000000,#000000
53,59,32,#000000,#000000
54,59,32,#000000,#000000
55,59,32,#000000,#000000
56,59,32,#000000,#000000
57,59,32,#000000,#000000
58,59,32,#000000,#000000
59,59,32,#000000,#000000
60,59,32,#000000,#000000
61,59,32,#000000,#000000